Afghanistan,2005,77.7945294
Afghanistan,2006,77.15621017
Afghanistan,2007,64.43938767
Afghanistan,2008,61.67647883
Afghanistan,2009,64.87919859
Afghanistan,2010,59.31113334
Afghanistan,2011,73.74301676
Afghanistan,2012,60.41703796
Afghanistan,2013,56.20567376
Afghanistan,2014,54.96372323
Afghanistan,2015,52.46661721
Afghanistan,2016,55.55805075
Afghanistan,2017,57.96812749
Afghanistan,2018,58.05725971
Afghanistan,2019,60.93567251
Afghanistan,2020,60.58951965
Afghanistan,2021,80.0810081
Afghanistan,2022,75.1665433
Albania,2005,75.9408867
Albania,2006,74.79553903
Albania,2007,72.58281486
Albania,2008,60
Albania,2009,69.30803571
Albania,2010,72.1264006
Albania,2011,61.93495039
Albania,2012,63.91955836
Albania,2013,60.51437216
Albania,2014,67.40069686
Albania,2015,69.95114977
Albania,2016,61.47630923
Albania,2017,59.44529768
Albania,2018,67.01608794
Albania,2019,72.53357008
Albania,2020,70.17640069
Albania,2021,64.31443595
Albania,2022,63.46038235
Algeria,2005,83.05678185
Algeria,2006,84.08677491
Algeria,2007,84.1305079
Algeria,2008,73.13897852
Algeria,2009,65.45669524
Algeria,2010,68.24681825
Algeria,2011,75.39739648
Algeria,2012,73.26226013
Algeria,2013,69.88901472
Algeria,2014,68.00920079
Algeria,2015,69.19850885
Algeria,2016,55.6161991
Algeria,2017,58.33365522
Algeria,2018,48.91619859
Algeria,2019,55.7224517
Algeria,2020,55.33460348
Algeria,2021,48.34856668
Algeria,2022,60.4785797
Angola,2005,88.65932048
Angola,2006,83.48996155
Angola,2007,86.9701399
Angola,2008,78.86530966
Angola,2009,76.50521809
Angola,2010,75.3809774
Angola,2011,78.30456068
Angola,2012,78.79310345
Angola,2013,78.13943721
Angola,2014,82.278213
Angola,2015,77.08639899
Angola,2016,65.50503675
Angola,2017,71.88885604
Angola,2018,74.59749553
Angola,2019,76.09727165
Angola,2020,63.65422397
Angola,2021,66.46586345
Angola,2022,63.77952756
Antigua and Barbuda,2005,undefined
Antigua and Barbuda,2006,undefined
Antigua and Barbuda,2007,76.47058824
Antigua and Barbuda,2008,undefined
Antigua and Barbuda,2009,undefined
Antigua and Barbuda,2010,undefined
Antigua and Barbuda,2011,78.78787879
Antigua and Barbuda,2012,undefined
Antigua and Barbuda,2013,undefined
Antigua and Barbuda,2014,67.64705882
Antigua and Barbuda,2015,undefined
Antigua and Barbuda,2016,undefined
Antigua and Barbuda,2017,undefined
Antigua and Barbuda,2018,72
Antigua and Barbuda,2019,85.45454545
Antigua and Barbuda,2020,undefined
Antigua and Barbuda,2021,undefined
Antigua and Barbuda,2022,undefined
Argentina,2005,97.62443439
Argentina,2006,97.23404255
Argentina,2007,98.36065574
Argentina,2008,93.51620948
Argentina,2009,86.19909502
Argentina,2010,90.89089089
Argentina,2011,92.98780488
Argentina,2012,94.28274428
Argentina,2013,92.88499025
Argentina,2014,94.28251121
Argentina,2015,95.09966777
Argentina,2016,95.16587678
Argentina,2017,89.98763906
Argentina,2018,92.55861366
Argentina,2019,95.23809524
Argentina,2020,95.76271186
Argentina,2021,95.7605985
Argentina,2022,98.34337349
Armenia,2005,93.24324324
Armenia,2006,91.95524774
Armenia,2007,91.40811456
Armenia,2008,89.3111639
Armenia,2009,86.93586698
Armenia,2010,88.00332088
Armenia,2011,90.05736138
Armenia,2012,90.91251885
Armenia,2013,91.34477825
Armenia,2014,90.90567456
Armenia,2015,94.41642651
Armenia,2016,92.06225681
Armenia,2017,91.43114853
Armenia,2018,89.03908316
Armenia,2019,89.9713467
Armenia,2020,91.51329243
Armenia,2021,77.39204064
Armenia,2022,81.73455979
Australia,2005,98.27509137
Australia,2006,97.75474492
Australia,2007,95.65851879
Australia,2008,93.15613903
Australia,2009,90.34596502
Australia,2010,92.01185903
Australia,2011,94.29634222
Australia,2012,96.12198597
Australia,2013,96.53512993
Australia,2014,96.66742857
Australia,2015,96.72053437
Australia,2016,97.17011718
Australia,2017,96.72222504
Australia,2018,95.92410028
Australia,2019,97.08259522
Australia,2020,96.02988573
Australia,2021,95.11548065
Australia,2022,97.55555556
Azerbaijan,2005,94.78182636
Azerbaijan,2006,93.66506795
Azerbaijan,2007,91.46608315
Azerbaijan,2008,89.50131234
Azerbaijan,2009,86.06007067
Azerbaijan,2010,78.88103289
Azerbaijan,2011,84.97872965
Azerbaijan,2012,89.90618691
Azerbaijan,2013,89.24179232
Azerbaijan,2014,92.04635499
Azerbaijan,2015,91.32311187
Azerbaijan,2016,91.62181818
Azerbaijan,2017,88.82286003
Azerbaijan,2018,74.18131679
Azerbaijan,2019,73.71400443
Azerbaijan,2020,82.27109515
Azerbaijan,2021,88.54018069
Azerbaijan,2022,87.71626298
"Bahamas,2005,undefined
Bahamas",2006,undefined
"Bahamas,2007,undefined
Bahamas",2008,undefined
"Bahamas,2009,undefined
Bahamas",2010,undefined
"Bahamas,2011,undefined
Bahamas",2012,undefined
"Bahamas,2013,undefined
Bahamas",2014,undefined
"Bahamas,2015,undefined
Bahamas",2016,undefined
"Bahamas,2017,undefined
Bahamas",2018,undefined
"Bahamas,2019,undefined
Bahamas",2020,undefined
"Bahamas,2021,undefined
Bahamas",2022,undefined
Bahrain,2005,98.97255247
Bahrain,2006,98.62822304
Bahrain,2007,97.7968834
Bahrain,2008,99.36327854
Bahrain,2009,97.74004245
Bahrain,2010,97.8664296
Bahrain,2011,98.31173075
Bahrain,2012,98.74156851
Bahrain,2013,98.89633425
Bahrain,2014,98.42290749
Bahrain,2015,98.03143093
Bahrain,2016,98.438614
Bahrain,2017,98.85658509
Bahrain,2018,98.54316156
Bahrain,2019,98.61402457
Bahrain,2020,96.32640771
Bahrain,2021,97.17298631
Bahrain,2022,undefined
Bangladesh,2005,68.00226562
Bangladesh,2006,67.38540201
Bangladesh,2007,60.57040923
Bangladesh,2008,61.61500449
Bangladesh,2009,75.60834082
Bangladesh,2010,67.57408534
Bangladesh,2011,68.0376058
Bangladesh,2012,73.29108472
Bangladesh,2013,71.2497812
Bangladesh,2014,67.68828148
Bangladesh,2015,51.85586651
Bangladesh,2016,59.89317414
Bangladesh,2017,69.3768997
Bangladesh,2018,71.15646259
Bangladesh,2019,53.57186124
Bangladesh,2020,66.57061858
Bangladesh,2021,75.4858085
Bangladesh,2022,77.12927506
Barbados,2005,92.23529412
Barbados,2006,91.58415842
Barbados,2007,86.51685393
Barbados,2008,81.52492669
Barbados,2009,84.32835821
Barbados,2010,81.3229572
Barbados,2011,86.72985782
Barbados,2012,89.21568627
Barbados,2013,undefined
Barbados,2014,84.31372549
Barbados,2015,undefined
Barbados,2016,87.76595745
Barbados,2017,88.29268293
Barbados,2018,87.01923077
Barbados,2019,82.53968254
Barbados,2020,98.26086957
Barbados,2021,undefined
Barbados,2022,undefined
Belarus,2005,95.6016178
Belarus,2006,95.08628751
Belarus,2007,93.64113676
Belarus,2008,91.77027278
Belarus,2009,88.56233422
Belarus,2010,87.19354839
Belarus,2011,92.21174323
Belarus,2012,95.41682748
Belarus,2013,95.25160644
Belarus,2014,94.22385997
Belarus,2015,93.84952229
Belarus,2016,93.61177029
Belarus,2017,94.46992415
Belarus,2018,95.43976589
Belarus,2019,98.02462067
Belarus,2020,96.26499915
Belarus,2021,94.51564007
Belarus,2022,94.11764706
Belize,2005,undefined
Belize,2006,95.55555556
Belize,2007,undefined
Belize,2008,undefined
Belize,2009,undefined
Belize,2010,undefined
Belize,2011,undefined
Belize,2012,undefined
Belize,2013,90.24390244
Belize,2014,undefined
Belize,2015,85.96491228
Belize,2016,undefined
Belize,2017,undefined
Belize,2018,undefined
Belize,2019,undefined
Belize,2020,undefined
Belize,2021,undefined
Belize,2022,undefined
Benin,2005,60.40772532
Benin,2006,74.5740498
Benin,2007,66.19519095
Benin,2008,57.42857143
Benin,2009,61.55913978
Benin,2010,58.07743658
Benin,2011,64.57242583
Benin,2012,undefined
Benin,2013,65.10067114
Benin,2014,67.73504274
Benin,2015,66.875
Benin,2016,undefined
Benin,2017,52.98013245
Benin,2018,35.41858326
Benin,2019,62.34482759
Benin,2020,50.17064846
Benin,2021,48.79032258
Benin,2022,27.23880597
Bhutan,2005,92.25806452
Bhutan,2006,88.66666667
Bhutan,2007,95.03546099
Bhutan,2008,76.72413793
Bhutan,2009,94.77124183
Bhutan,2010,90.37037037
Bhutan,2011,90.18404908
Bhutan,2012,91.16607774
Bhutan,2013,93.30543933
Bhutan,2014,93.79844961
Bhutan,2015,86.53846154
Bhutan,2016,87.06467662
Bhutan,2017,undefined
Bhutan,2018,85.65022422
Bhutan,2019,91.38576779
Bhutan,2020,93.22033898
Bhutan,2021,undefined
Bhutan,2022,undefined
Bolivia,2005,70.48611111
Bolivia,2006,69.2893401
Bolivia,2007,55.39568345
Bolivia,2008,73.13432836
Bolivia,2009,85.91160221
Bolivia,2010,83.560477
Bolivia,2011,83.40425532
Bolivia,2012,89.25764192
Bolivia,2013,87.138863
Bolivia,2014,90.35580524
Bolivia,2015,90.9382518
Bolivia,2016,89.55525606
Bolivia,2017,88.23163138
Bolivia,2018,87.19582851
Bolivia,2019,86.0898138
Bolivia,2020,72.64808362
Bolivia,2021,70.03257329
Bolivia,2022,75.72463768
Bosnia and Herzegovina,2005,96.95298135
Bosnia and Herzegovina,2006,96.58694569
Bosnia and Herzegovina,2007,96.44377661
Bosnia and Herzegovina,2008,96.9805895
Bosnia and Herzegovina,2009,95.28432732
Bosnia and Herzegovina,2010,95.74759945
Bosnia and Herzegovina,2011,91.97278912
Bosnia and Herzegovina,2012,90.4246224
Bosnia and Herzegovina,2013,91.16239797
Bosnia and Herzegovina,2014,86.8827628
Bosnia and Herzegovina,2015,84.83362522
Bosnia and Herzegovina,2016,88.19591261
Bosnia and Herzegovina,2017,93.23519103
Bosnia and Herzegovina,2018,93.19439922
Bosnia and Herzegovina,2019,97.21128609
Bosnia and Herzegovina,2020,96.69499528
Bosnia and Herzegovina,2021,91.39013453
Bosnia and Herzegovina,2022,90.79497908
Botswana,2005,76.03406326
Botswana,2006,87.92016807
Botswana,2007,78.53107345
Botswana,2008,60.1010101
Botswana,2009,undefined
Botswana,2010,82.42677824
Botswana,2011,85.79088472
Botswana,2012,87.52886836
Botswana,2013,86.74351585
Botswana,2014,88.11188811
Botswana,2015,88.05031447
Botswana,2016,84.74576271
Botswana,2017,88.35616438
Botswana,2018,92.8358209
Botswana,2019,86.59793814
Botswana,2020,90.78341014
Botswana,2021,93.12320917
Botswana,2022,91.40625
Brazil,2005,83.65831012
Brazil,2006,60.75961447
Brazil,2007,79.53441067
Brazil,2008,82.78785277
Brazil,2009,78.57524726
Brazil,2010,84.04082955
Brazil,2011,87.94074692
Brazil,2012,87.59628679
Brazil,2013,92.63976404
Brazil,2014,94.32624113
Brazil,2015,91.20825147
Brazil,2016,89.63494133
Brazil,2017,89.46
Brazil,2018,85.10902322
Brazil,2019,89.67741935
Brazil,2020,89.24387646
Brazil,2021,81.04542418
Brazil,2022,68.74635569
British overseas citizens,2005,83.98268398
British overseas citizens,2006,74.11764706
British overseas citizens,2007,68.33333333
British overseas citizens,2008,72.91666667
British overseas citizens,2009,70.14925373
British overseas citizens,2010,68.90756303
British overseas citizens,2011,63.95348837
British overseas citizens,2012,74.6031746
British overseas citizens,2013,62.96296296
British overseas citizens,2014,57.89473684
British overseas citizens,2015,83.33333333
British overseas citizens,2016,68.18181818
British overseas citizens,2017,80.95238095
British overseas citizens,2018,84.09090909
British overseas citizens,2019,80.95238095
British overseas citizens,2020,undefined
British overseas citizens,2021,85.71428571
British overseas citizens,2022,undefined
Brunei,2005,undefined
Brunei,2006,undefined
Brunei,2007,99.43729904
Brunei,2008,98.1918239
Brunei,2009,95.17884914
Brunei,2010,97.26907631
Brunei,2011,99.38603223
Brunei,2012,98.66108787
Brunei,2013,98.94736842
Brunei,2014,99.13211186
Brunei,2015,99.031477
Brunei,2016,undefined
Brunei,2017,96.20253165
Brunei,2018,99.11504425
Brunei,2019,undefined
Brunei,2020,98.50187266
Brunei,2021,98.30508475
Brunei,2022,undefined
Bulgaria,2005,84.62062478
Bulgaria,2006,93.37106449
Bulgaria,2007,undefined
Bulgaria,2008,undefined
Bulgaria,2009,60
Bulgaria,2010,81.25
Bulgaria,2011,50
Bulgaria,2012,71.42857143
Bulgaria,2013,62.5
Bulgaria,2014,undefined
Bulgaria,2015,undefined
Bulgaria,2016,undefined
Bulgaria,2017,undefined
Bulgaria,2018,undefined
Bulgaria,2019,undefined
Bulgaria,2020,undefined
Bulgaria,2021,88.04634018
Bulgaria,2022,76.25329815
Burkina,2005,76.0989011
Burkina,2006,77.6
Burkina,2007,83.72703412
Burkina,2008,76.25698324
Burkina,2009,70.54263566
Burkina,2010,68.4596577
Burkina,2011,76.03550296
Burkina,2012,67.63848397
Burkina,2013,78.63501484
Burkina,2014,73.56321839
Burkina,2015,78.16091954
Burkina,2016,69.13580247
Burkina,2017,70.92198582
Burkina,2018,72.97921478
Burkina,2019,76.19047619
Burkina,2020,65.40880503
Burkina,2021,76.92307692
Burkina,2022,undefined
Burma,2005,87.04094555
Burma,2006,82.28456914
Burma,2007,82.59337562
Burma,2008,78.21969697
Burma,2009,83.8995046
Burma,2010,68.25028969
Burma,2011,71.00619933
Burma,2012,75.03423094
Burma,2013,70.19498607
Burma,2014,75.59250088
Burma,2015,79.27703334
Burma,2016,76.23473181
Burma,2017,83.63818592
Burma,2018,83.81410256
Burma,2019,86.84158219
Burma,2020,87.93522267
Burma,2021,80.76677316
Burma,2022,78.53333333
Burundi,2005,66.37931034
Burundi,2006,75.19379845
Burundi,2007,74.58100559
Burundi,2008,75.47169811
Burundi,2009,62.26415094
Burundi,2010,59.21375921
Burundi,2011,65.71428571
Burundi,2012,66.53696498
Burundi,2013,68.22033898
Burundi,2014,72.64957265
Burundi,2015,67.23404255
Burundi,2016,54.98007968
Burundi,2017,undefined
Burundi,2018,undefined
Burundi,2019,64.80263158
Burundi,2020,undefined
Burundi,2021,73.7704918
Burundi,2022,62.85714286
Cambodia,2005,91
Cambodia,2006,85.74610245
Cambodia,2007,86.774942
Cambodia,2008,88.53754941
Cambodia,2009,82.91873964
Cambodia,2010,79.49080622
Cambodia,2011,80.1242236
Cambodia,2012,82.75418275
Cambodia,2013,84.5410628
Cambodia,2014,80.93023256
Cambodia,2015,80.48387097
Cambodia,2016,83.55314197
Cambodia,2017,87.33468973
Cambodia,2018,85.65453785
Cambodia,2019,90.58569889
Cambodia,2020,90.69111425
Cambodia,2021,92.01141227
Cambodia,2022,undefined
Cameroon,2005,68.68167203
Cameroon,2006,68.57632513
Cameroon,2007,70.50587769
Cameroon,2008,62.59877085
Cameroon,2009,68.17892391
Cameroon,2010,73.46570397
Cameroon,2011,74.049217
Cameroon,2012,64.91368286
Cameroon,2013,69.20464701
Cameroon,2014,71.09389079
Cameroon,2015,67.0771599
Cameroon,2016,59.58751394
Cameroon,2017,61.55185759
Cameroon,2018,60.83418108
Cameroon,2019,66.30842716
Cameroon,2020,66.2004662
Cameroon,2021,63.70706416
Cameroon,2022,57.99793602
Canada,2005,95.80733716
Canada,2006,93.43246592
Canada,2007,93.52147675
Canada,2008,90.73104846
Canada,2009,89.01748543
Canada,2010,90.91498501
Canada,2011,90.70929932
Canada,2012,94.99310978
Canada,2013,95.76634963
Canada,2014,95.37783055
Canada,2015,96.06672663
Canada,2016,95.43702376
Canada,2017,96.49615211
Canada,2018,96.26267078
Canada,2019,97.09195703
Canada,2020,98.5458613
Canada,2021,98.16168566
Canada,2022,96.63173653
Cape Verde,2005,93.42105263
Cape Verde,2006,89.32384342
Cape Verde,2007,89.42857143
Cape Verde,2008,70.51282051
Cape Verde,2009,55.07246377
Cape Verde,2010,undefined
Cape Verde,2011,63.88888889
Cape Verde,2012,73.27586207
Cape Verde,2013,72.60273973
Cape Verde,2014,64.70588235
Cape Verde,2015,undefined
Cape Verde,2016,63.03030303
Cape Verde,2017,58.33333333
Cape Verde,2018,63.58695652
Cape Verde,2019,71.49758454
Cape Verde,2020,66.66666667
Cape Verde,2021,66.66666667
Cape Verde,2022,64.58333333
Central African Republic,2005,78.20512821
Central African Republic,2006,76.42276423
Central African Republic,2007,76.08695652
Central African Republic,2008,68.46153846
Central African Republic,2009,73.56321839
Central African Republic,2010,60.25641026
Central African Republic,2011,72.13114754
Central African Republic,2012,undefined
Central African Republic,2013,undefined
Central African Republic,2014,undefined
Central African Republic,2015,undefined
Central African Republic,2016,undefined
Central African Republic,2017,undefined
Central African Republic,2018,undefined
Central African Republic,2019,undefined
Central African Republic,2020,undefined
Central African Republic,2021,undefined
Central African Republic,2022,41.17647059
Chad,2005,83.14606742
Chad,2006,78.04878049
Chad,2007,64.3902439
Chad,2008,73.03921569
Chad,2009,62.01550388
Chad,2010,57.89473684
Chad,2011,68.03278689
Chad,2012,62.59541985
Chad,2013,72.30769231
Chad,2014,69.29133858
Chad,2015,69.56521739
Chad,2016,58.46153846
Chad,2017,69.23076923
Chad,2018,61.18421053
Chad,2019,64.67889908
Chad,2020,undefined
Chad,2021,77.19298246
Chad,2022,3.448275862
Chile,2005,99.5923913
Chile,2006,99.09326425
Chile,2007,98.1277533
Chile,2008,97.17444717
Chile,2009,89.49320148
Chile,2010,85.12869399
Chile,2011,94.72111554
Chile,2012,94.87726788
Chile,2013,91.51291513
Chile,2014,93.72659176
Chile,2015,94.22018349
Chile,2016,93.63395225
Chile,2017,94.41984057
Chile,2018,93.03135889
Chile,2019,95.89416058
Chile,2020,97.55700326
Chile,2021,96.68508287
Chile,2022,96.05263158
China,2005,85.81875994
China,2006,92.38336527
China,2007,91.218007
China,2008,89.07589348
China,2009,89.02367108
China,2010,91.46180674
China,2011,94.54057385
China,2012,95.59642304
China,2013,96.0192278
China,2014,96.23400272
China,2015,94.57140987
China,2016,94.80798776
China,2017,97.71282748
China,2018,97.9391717
China,2019,97.30976301
China,2020,97.52334523
China,2021,97.71379988
China,2022,92.66333109
Colombia,2005,87.49870961
Colombia,2006,86.97647734
Colombia,2007,93.39107077
Colombia,2008,92.40099893
Colombia,2009,86.85087291
Colombia,2010,88.55200601
Colombia,2011,91.46694215
Colombia,2012,92.1777599
Colombia,2013,92.31173512
Colombia,2014,92.87971936
Colombia,2015,95.98633339
Colombia,2016,94.07566572
Colombia,2017,95.15741031
Colombia,2018,93.74296567
Colombia,2019,95.04330546
Colombia,2020,88.06442335
Colombia,2021,82.73368607
Colombia,2022,85.58507631
Comoros,2005,79.6875
Comoros,2006,undefined
Comoros,2007,undefined
Comoros,2008,66.10169492
Comoros,2009,60.86956522
Comoros,2010,65.38461538
Comoros,2011,70.40816327
Comoros,2012,71.16564417
Comoros,2013,undefined
Comoros,2014,79.7235023
Comoros,2015,76.51245552
Comoros,2016,63.12849162
Comoros,2017,84
Comoros,2018,undefined
Comoros,2019,80.07117438
Comoros,2020,73.80952381
Comoros,2021,undefined
Comoros,2022,undefined
Congo,2005,71.99302731
Congo,2006,71.75689479
Congo,2007,71.72897196
Congo,2008,56.17078052
Congo,2009,57.33244857
Congo,2010,56.42201835
Congo,2011,60.9532539
Congo,2012,58.60058309
Congo,2013,57.8313253
Congo,2014,66.97368421
Congo,2015,63.16507503
Congo,2016,55.52486188
Congo,2017,69.42277691
Congo,2018,60.76260763
Congo,2019,66.90647482
Congo,2020,71.06598985
Congo,2021,71.02803738
Congo,2022,undefined
Congo (Democratic Republic),2005,80.05095923
Congo (Democratic Republic),2006,77.75474406
Congo (Democratic Republic),2007,75.12147716
Congo (Democratic Republic),2008,57.89773807
Congo (Democratic Republic),2009,57.66504209
Congo (Democratic Republic),2010,50.2787068
Congo (Democratic Republic),2011,51.15646259
Congo (Democratic Republic),2012,51.94910666
Congo (Democratic Republic),2013,54.90353698
Congo (Democratic Republic),2014,55.14043455
Congo (Democratic Republic),2015,50.36834925
Congo (Democratic Republic),2016,54.58607096
Congo (Democratic Republic),2017,64.5021645
Congo (Democratic Republic),2018,44.93021346
Congo (Democratic Republic),2019,55.9836693
Congo (Democratic Republic),2020,65.22968198
Congo (Democratic Republic),2021,64.9070632
Congo (Democratic Republic),2022,50.58139535
Costa Rica,2005,96.36363636
Costa Rica,2006,undefined
Costa Rica,2007,undefined
Costa Rica,2008,undefined
Costa Rica,2009,undefined
Costa Rica,2010,undefined
Costa Rica,2011,86.45833333
Costa Rica,2012,89
Costa Rica,2013,85.59322034
Costa Rica,2014,89.04109589
Costa Rica,2015,undefined
Costa Rica,2016,92
Costa Rica,2017,undefined
Costa Rica,2018,undefined
Costa Rica,2019,90.78014184
Costa Rica,2020,undefined
Costa Rica,2021,undefined
Costa Rica,2022,undefined
Croatia,2005,98.62923893
Croatia,2006,97.41461858
Croatia,2007,88.02588997
Croatia,2008,86.03839442
Croatia,2009,82.8460039
Croatia,2010,82.75862069
Croatia,2011,85.26785714
Croatia,2012,89.12529551
Croatia,2013,85.03937008
Croatia,2014,14.28571429
Croatia,2015,undefined
Croatia,2016,33.33333333
Croatia,2017,38.46153846
Croatia,2018,undefined
Croatia,2020,undefined
Croatia,2021,87.84029038
Croatia,2022,undefined
Cuba,2005,97.16724874
Cuba,2006,95.71171171
Cuba,2007,87.35271013
Cuba,2008,88.8589398
Cuba,2009,85.51869405
Cuba,2010,83.09178744
Cuba,2011,82.13604577
Cuba,2012,81.96930946
Cuba,2013,77.44610282
Cuba,2014,83.72513562
Cuba,2015,85.57105493
Cuba,2016,82.99888517
Cuba,2017,84.05572755
Cuba,2018,82.57611241
Cuba,2019,82.59187621
Cuba,2020,79.80582524
Cuba,2021,70.82658023
Cuba,2022,58.41995842
Cyprus,2005,92.07692308
Cyprus,2006,95.54995802
Cyprus,2007,95.61316052
Cyprus,2008,90.99890231
Cyprus,2009,68.57887875
Cyprus,2010,72.58522727
Cyprus,2011,76.23966942
Cyprus,2012,78.46441948
Cyprus,2013,72.87128713
Cyprus,2014,77.8125
Cyprus,2015,70.42682927
Cyprus,2016,77.96143251
Cyprus,2017,58.92857143
Cyprus,2018,29.41176471
Cyprus,2019,undefined
Cyprus,2020,undefined
Cyprus,2021,94.95268139
Cyprus,2022,63.01369863
Czech Republic,2005,undefined
Czech Republic,2006,undefined
Czech Republic,2007,72.72727273
Czech Republic,2008,undefined
Czech Republic,2009,undefined
Czech Republic,2010,undefined
Czech Republic,2011,undefined
Czech Republic,2012,undefined
Czech Republic,2015,undefined
Czech Republic,2020,undefined
Czech Republic,2021,75.2617801
Czech Republic,2022,66.01941748
Denmark,2005,16.66666667
Denmark,2006,undefined
Denmark,2007,undefined
Denmark,2008,undefined
Denmark,2009,undefined
Denmark,2010,undefined
Denmark,2012,undefined
Denmark,2013,undefined
Denmark,2017,undefined
Denmark,2019,undefined
Denmark,2020,undefined
Denmark,2021,88.87980376
Denmark,2022,78.53403141
Djibouti,2005,82.69230769
Djibouti,2006,66.44518272
Djibouti,2007,66.66666667
Djibouti,2008,68.01801802
Djibouti,2009,undefined
Djibouti,2010,59.375
Djibouti,2011,56.99481865
Djibouti,2012,60.0896861
Djibouti,2013,71.74887892
Djibouti,2014,59.45945946
Djibouti,2015,56.75675676
Djibouti,2016,55.10204082
Djibouti,2017,67.17171717
Djibouti,2018,65.69767442
Djibouti,2019,67.96116505
Djibouti,2020,53.33333333
Djibouti,2021,66.4556962
Djibouti,2022,undefined
Dominica,2005,84.21052632
Dominica,2006,85.18518519
Dominica,2007,62.26415094
Dominica,2008,undefined
Dominica,2009,undefined
Dominica,2010,71.21212121
Dominica,2011,75.80645161
Dominica,2012,undefined
Dominica,2013,61.53846154
Dominica,2014,73.46938776
Dominica,2015,undefined
Dominica,2016,64.0625
Dominica,2017,70.50359712
Dominica,2018,undefined
Dominica,2019,89.41605839
Dominica,2020,79.74683544
Dominica,2021,83.33333333
Dominica,2022,undefined
Dominican Republic,2005,94.68571429
Dominican Republic,2006,92.13817749
Dominican Republic,2007,90.85
Dominican Republic,2008,88.91769281
Dominican Republic,2009,88.78248974
Dominican Republic,2010,85.99852616
Dominican Republic,2011,86.14369501
Dominican Republic,2012,86.04282316
Dominican Republic,2013,84.62603878
Dominican Republic,2014,86.08907871
Dominican Republic,2015,89.80651251
Dominican Republic,2016,81.94120392
Dominican Republic,2017,83.23529412
Dominican Republic,2018,82.42365172
Dominican Republic,2019,77.24043716
Dominican Republic,2020,62.28847703
Dominican Republic,2021,55.87557604
Dominican Republic,2022,60
Ecuador,2005,88.52065322
Ecuador,2006,90.08335114
Ecuador,2007,87.57609921
Ecuador,2008,84.6092925
Ecuador,2009,86.73110721
Ecuador,2010,87.80694327
Ecuador,2011,85.8974359
Ecuador,2012,88.82664177
Ecuador,2013,87.4127907
Ecuador,2014,89.49313622
Ecuador,2015,93.03908652
Ecuador,2016,90.61531651
Ecuador,2017,91.97264219
Ecuador,2018,90.5978861
Ecuador,2019,91.57234628
Ecuador,2020,81.21019108
Ecuador,2021,75.25951557
Ecuador,2022,83.22082932
Egypt,2005,94.43284092
Egypt,2006,94.14314582
Egypt,2007,92.99700974
Egypt,2008,91.65877077
Egypt,2009,88.28451883
Egypt,2010,88.25581112
Egypt,2011,87.9309915
Egypt,2012,81.23626111
Egypt,2013,81.50115265
Egypt,2014,82.64530892
Egypt,2015,81.12438719
Egypt,2016,80.39946054
Egypt,2017,78.29801216
Egypt,2018,76.11467605
Egypt,2019,79.88682934
Egypt,2020,82.33551531
Egypt,2021,86.64357864
Egypt,2022,83.47510373
El Salvador,2005,undefined
El Salvador,2006,undefined
El Salvador,2007,81.63265306
El Salvador,2008,undefined
El Salvador,2009,undefined
El Salvador,2010,74.50980392
El Salvador,2011,undefined
El Salvador,2012,77.41935484
El Salvador,2013,83.72093023
El Salvador,2014,85.36585366
El Salvador,2015,87.5
El Salvador,2016,undefined
El Salvador,2017,undefined
El Salvador,2018,undefined
El Salvador,2019,undefined
El Salvador,2020,92.30769231
El Salvador,2021,undefined
El Salvador,2022,undefined
Equatorial Guinea,2005,92.98892989
Equatorial Guinea,2006,undefined
Equatorial Guinea,2007,88.12260536
Equatorial Guinea,2008,77.87610619
Equatorial Guinea,2009,80.31914894
Equatorial Guinea,2010,76.69902913
Equatorial Guinea,2011,75.6097561
Equatorial Guinea,2012,73.22404372
Equatorial Guinea,2013,68.91891892
Equatorial Guinea,2014,undefined
Equatorial Guinea,2015,71.42857143
Equatorial Guinea,2016,68.94409938
Equatorial Guinea,2017,64.8
Equatorial Guinea,2018,56.16438356
Equatorial Guinea,2019,75.78125
Equatorial Guinea,2020,undefined
Equatorial Guinea,2021,undefined
Equatorial Guinea,2022,66.66666667
Eritrea,2005,73.40920848
Eritrea,2006,72.34042553
Eritrea,2007,69.64457253
Eritrea,2008,71.5093273
Eritrea,2009,62.78616659
Eritrea,2010,71.97518097
Eritrea,2011,66.07877719
Eritrea,2012,63.31288344
Eritrea,2013,65.85662211
Eritrea,2014,58.70348139
Eritrea,2015,50.8255934
Eritrea,2016,63.15338475
Eritrea,2017,71.75664786
Eritrea,2018,72.3364486
Eritrea,2019,67.4180865
Eritrea,2020,68.25487945
Eritrea,2021,68.19939837
Eritrea,2022,63.22241681
Estonia,2005,undefined
Estonia,2006,undefined
Estonia,2007,undefined
Estonia,2008,42.85714286
Estonia,2011,undefined
Estonia,2012,undefined
Estonia,2013,undefined
Estonia,2014,undefined
Estonia,2015,undefined
Estonia,2016,undefined
Estonia,2017,undefined
Estonia,2018,undefined
Estonia,2019,undefined
Estonia,2020,undefined
Estonia,2021,90.29126214
Estonia,2022,73.33333333
Ethiopia,2005,86.44662921
Ethiopia,2006,67.05344585
Ethiopia,2007,74.56189938
Ethiopia,2008,75.82396278
Ethiopia,2009,68.31366273
Ethiopia,2010,73.55707567
Ethiopia,2011,70.2905569
Ethiopia,2012,70.43301759
Ethiopia,2013,65.45657016
Ethiopia,2014,64.72007722
Ethiopia,2015,67.06974735
Ethiopia,2016,49.71393543
Ethiopia,2017,63.72353176
Ethiopia,2018,60.68296324
Ethiopia,2019,67.58428087
Ethiopia,2020,72.36758137
Ethiopia,2021,70.34700315
Ethiopia,2022,65.06364922
Fiji,2005,90.44630404
Fiji,2006,87.9644588
Fiji,2007,88.61386139
Fiji,2008,88.52040816
Fiji,2009,85.20923521
Fiji,2010,87.53076292
Fiji,2011,86.34435963
Fiji,2012,83.13796213
Fiji,2013,88.18698673
Fiji,2014,82.46392897
Fiji,2015,87.31218698
Fiji,2016,85.81730769
Fiji,2017,80.9063893
Fiji,2018,75.24671053
Fiji,2019,85.13841671
Fiji,2020,85.60311284
Fiji,2021,82.96943231
Fiji,2022,65.26946108
Finland,2005,undefined
Finland,2006,undefined
Finland,2007,undefined
Finland,2008,undefined
Finland,2010,undefined
Finland,2011,undefined
Finland,2013,undefined
Finland,2016,undefined
Finland,2017,undefined
Finland,2020,undefined
Finland,2021,92.70216963
Finland,2022,82.52427184
France,2005,40
France,2006,42.85714286
France,2007,35.71428571
France,2008,undefined
France,2009,undefined
France,2010,undefined
France,2011,undefined
France,2012,undefined
France,2013,undefined
France,2014,undefined
France,2015,undefined
France,2016,undefined
France,2017,undefined
France,2018,undefined
France,2019,undefined
France,2020,96.84210526
France,2021,96.06299213
France,2022,92.37002026
Gabon,2005,88.49902534
Gabon,2006,90.14336918
Gabon,2007,89.85765125
Gabon,2008,77.29166667
Gabon,2009,71.25307125
Gabon,2010,75.97765363
Gabon,2011,75
Gabon,2012,81.52866242
Gabon,2013,undefined
Gabon,2014,80.44692737
Gabon,2015,79.67914439
Gabon,2016,68.29971182
Gabon,2017,78.9346247
Gabon,2018,78.63636364
Gabon,2019,85.71428571
Gabon,2020,86.51685393
Gabon,2021,72.66666667
Gabon,2022,70.83333333
"Gambia,2005,undefined
Gambia",2006,undefined
"Gambia,2007,undefined
Gambia",2008,undefined
"Gambia,2009,undefined
Gambia",2010,undefined
"Gambia,2011,undefined
Gambia",2012,undefined
"Gambia,2013,undefined
Gambia",2014,undefined
"Gambia,2015,undefined
Gambia",2016,undefined
"Gambia,2017,undefined
Gambia",2018,undefined
"Gambia,2019,undefined
Gambia",2020,undefined
"Gambia,2021,undefined
Gambia",2022,undefined
Georgia,2005,79.7837122
Georgia,2006,84.37188931
Georgia,2007,83.54181558
Georgia,2008,85.24531668
Georgia,2009,84.92313391
Georgia,2010,88.21003318
Georgia,2011,87.85432701
Georgia,2012,86.88789238
Georgia,2013,86.2633452
Georgia,2014,86.86327078
Georgia,2015,77.06541146
Georgia,2016,78.00284293
Georgia,2017,83.04612707
Georgia,2018,77.46773631
Georgia,2019,75.35060221
Georgia,2020,80.4851752
Georgia,2021,76.78142514
Georgia,2022,72.11618257
Germany,2005,50
Germany,2006,69.23076923
Germany,2007,42.85714286
Germany,2008,58.33333333
Germany,2009,50
Germany,2010,undefined
Germany,2011,undefined
Germany,2012,undefined
Germany,2013,undefined
Germany,2014,undefined
Germany,2015,undefined
Germany,2016,undefined
Germany,2017,undefined
Germany,2018,undefined
Germany,2019,undefined
Germany,2020,undefined
Germany,2021,95.69446092
Germany,2022,88.62275449
Ghana,2005,50.17083436
Ghana,2006,54.30075722
Ghana,2007,55.88692214
Ghana,2008,58.38168285
Ghana,2009,64.5765556
Ghana,2010,69.1147541
Ghana,2011,66.59981356
Ghana,2012,60.96491228
Ghana,2013,56.01919744
Ghana,2014,62.2280419
Ghana,2015,58.67760888
Ghana,2016,53.27768605
Ghana,2017,56.73665792
Ghana,2018,56.71184504
Ghana,2019,58.35917204
Ghana,2020,45.65661727
Ghana,2021,49.64411208
Ghana,2022,51.58230734
Grenada,2005,83.43558282
Grenada,2006,undefined
Grenada,2007,72.39263804
Grenada,2008,77.55102041
Grenada,2009,undefined
Grenada,2010,75.24752475
Grenada,2011,84.69387755
Grenada,2012,undefined
Grenada,2013,83.33333333
Grenada,2014,66.66666667
Grenada,2015,76.19047619
Grenada,2016,undefined
Grenada,2017,undefined
Grenada,2018,82.9787234
Grenada,2019,undefined
Grenada,2020,94.25287356
Grenada,2021,undefined
Grenada,2022,undefined
Guatemala,2005,undefined
Guatemala,2006,91.78082192
Guatemala,2007,86.20689655
Guatemala,2008,94.73684211
Guatemala,2009,undefined
Guatemala,2010,80.48780488
Guatemala,2011,undefined
Guatemala,2012,undefined
Guatemala,2013,undefined
Guatemala,2014,86.8852459
Guatemala,2015,86.79245283
Guatemala,2016,93.65079365
Guatemala,2017,undefined
Guatemala,2018,undefined
Guatemala,2019,undefined
Guatemala,2020,undefined
Guatemala,2021,undefined
Guatemala,2022,undefined
Guinea,2005,66.55454109
Guinea,2006,58.64465682
Guinea,2007,46.3273872
Guinea,2008,47.6635514
Guinea,2009,54.76735317
Guinea,2010,62.81494353
Guinea,2011,55.82255083
Guinea,2012,48.86561955
Guinea,2013,47.22735675
Guinea,2014,60.39215686
Guinea,2015,53.51955307
Guinea,2016,52.81342547
Guinea,2017,56.05900948
Guinea,2018,56.04498594
Guinea,2019,66.66666667
Guinea,2020,63.49809886
Guinea,2021,49.0297542
Guinea,2022,40.34334764
Guinea-Bissau,2005,81.72588832
Guinea-Bissau,2006,78.48101266
Guinea-Bissau,2007,67.40740741
Guinea-Bissau,2008,51.58371041
Guinea-Bissau,2009,undefined
Guinea-Bissau,2010,55.40069686
Guinea-Bissau,2011,46.15384615
Guinea-Bissau,2012,35.71428571
Guinea-Bissau,2013,43.82022472
Guinea-Bissau,2014,undefined
Guinea-Bissau,2015,undefined
Guinea-Bissau,2016,undefined
Guinea-Bissau,2017,29.96845426
Guinea-Bissau,2018,41.95402299
Guinea-Bissau,2019,57.02479339
Guinea-Bissau,2020,41.015625
Guinea-Bissau,2021,36.92722372
Guinea-Bissau,2022,33.67346939
Guyana,2005,92.71063427
Guyana,2006,91.49078727
Guyana,2007,86.85517768
Guyana,2008,81.78613396
Guyana,2009,79.73470892
Guyana,2010,72.33115468
Guyana,2011,77.18360071
Guyana,2012,77.64915405
Guyana,2013,77.74957699
Guyana,2014,72.63636364
Guyana,2015,80.21201413
Guyana,2016,81.51408451
Guyana,2017,86.19047619
Guyana,2018,87.40902475
Guyana,2019,87.9709187
Guyana,2020,87.39130435
Guyana,2021,85.46845124
Guyana,2022,87.06896552
Haiti,2005,89.9408284
Haiti,2006,91.42857143
Haiti,2007,81.02893891
Haiti,2008,84.29118774
Haiti,2009,undefined
Haiti,2010,78.62068966
Haiti,2011,72.65917603
Haiti,2012,77.15355805
Haiti,2013,71.02473498
Haiti,2014,80.75313808
Haiti,2015,84.86842105
Haiti,2016,82.92682927
Haiti,2017,86.2295082
Haiti,2018,85.86666667
Haiti,2019,90.3307888
Haiti,2020,85.57692308
Haiti,2021,64.65517241
Haiti,2022,52.5
Honduras,2005,undefined
Honduras,2006,undefined
Honduras,2007,undefined
Honduras,2008,84.61538462
Honduras,2009,undefined
Honduras,2010,74.6031746
Honduras,2011,80
Honduras,2012,undefined
Honduras,2013,undefined
Honduras,2014,85.71428571
Honduras,2015,undefined
Honduras,2016,undefined
Honduras,2017,81.57894737
Honduras,2018,undefined
Honduras,2019,undefined
Honduras,2020,undefined
Honduras,2021,91.42857143
Honduras,2022,undefined
Hong Kong,2005,93.37969402
Hong Kong,2006,94.14849572
Hong Kong,2007,95.99944243
Hong Kong,2008,94.93528419
Hong Kong,2009,90.91726619
Hong Kong,2010,95.46651402
Hong Kong,2011,97.66865638
Hong Kong,2012,98.39530333
Hong Kong,2013,97.98468714
Hong Kong,2014,97.87511194
Hong Kong,2015,97.48666559
Hong Kong,2016,97.76404586
Hong Kong,2017,97.06406383
Hong Kong,2018,97.31905581
Hong Kong,2019,97.64094061
Hong Kong,2020,98.07864164
Hong Kong,2021,98.13029749
Hong Kong,2022,97.26234306
Hungary,2005,undefined
Hungary,2006,undefined
Hungary,2007,undefined
Hungary,2008,undefined
Hungary,2009,undefined
Hungary,2010,undefined
Hungary,2014,undefined
Hungary,2015,undefined
Hungary,2016,undefined
Hungary,2019,undefined
Hungary,2020,undefined
Hungary,2021,88.70246085
Hungary,2022,70.1863354
Iceland,2005,60
Iceland,2006,undefined
Iceland,2007,undefined
Iceland,2008,undefined
Iceland,2009,42.85714286
Iceland,2010,undefined
Iceland,2011,50
Iceland,2013,undefined
Iceland,2014,undefined
Iceland,2015,undefined
Iceland,2016,undefined
Iceland,2019,undefined
Iceland,2021,97.08029197
Iceland,2022,undefined
India,2005,83.61300732
India,2006,84.02014292
India,2007,82.88891954
India,2008,84.06654608
India,2009,83.72603563
India,2010,83.85802876
India,2011,87.01465815
India,2012,88.77748637
India,2013,89.77733769
India,2014,90.80332324
India,2015,89.91315122
India,2016,86.98293155
India,2017,88.7525155
India,2018,89.86772666
India,2019,90.02363661
India,2020,87.91703566
India,2021,89.03310729
India,2022,89.63761388
Indonesia,2005,94.07395702
Indonesia,2006,92.81107363
Indonesia,2007,94.05378396
Indonesia,2008,93.62394907
Indonesia,2009,91.14488975
Indonesia,2010,91.62413793
Indonesia,2011,94.7827829
Indonesia,2012,94.14535298
Indonesia,2013,95.86581914
Indonesia,2014,96.03396603
Indonesia,2015,95.23415771
Indonesia,2016,96.21544691
Indonesia,2017,95.14613
Indonesia,2018,95.92998263
Indonesia,2019,96.3045639
Indonesia,2020,91.23612443
Indonesia,2021,90.42453712
Indonesia,2022,86.45954092
Iran,2005,83.27600407
Iran,2006,87.05572527
Iran,2007,81.0378975
Iran,2008,76.46614768
Iran,2009,68.17452481
Iran,2010,69.60850738
Iran,2011,71.9540961
Iran,2012,68.82221281
Iran,2013,69.77308499
Iran,2014,65.08444217
Iran,2015,59.51326193
Iran,2016,52.92589028
Iran,2017,56.66010499
Iran,2018,53.40104518
Iran,2019,61.39947438
Iran,2020,70.31026253
Iran,2021,71.59783635
Iran,2022,61.9047619
Iraq,2005,69.44849959
Iraq,2006,74.73755249
Iraq,2007,55.14482759
Iraq,2008,71.87382651
Iraq,2009,76.47981507
Iraq,2010,69.59023012
Iraq,2011,75.28798257
Iraq,2012,73.84751773
Iraq,2013,74.66922006
Iraq,2014,61.86184566
Iraq,2015,38.53787115
Iraq,2016,46.52085453
Iraq,2017,55.63799668
Iraq,2018,58.02377415
Iraq,2019,65.0877331
Iraq,2020,69.08797417
Iraq,2021,76.75080906
Iraq,2022,63.98384089
Israel,2005,94.2109903
Israel,2006,87.22316865
Israel,2007,90.6557377
Israel,2008,90.3638814
Israel,2009,88.45849802
Israel,2010,84.66403162
Israel,2011,83.12070658
Israel,2012,84.74576271
Israel,2013,87.09401709
Israel,2014,90.31954887
Israel,2015,87.32782369
Israel,2016,89.96539792
Israel,2017,89.62962963
Israel,2018,89.44353519
Israel,2019,93.02112029
Israel,2020,95.55555556
Israel,2021,97.5571316
Israel,2022,undefined
Ivory Coast,2005,56.84331797
Ivory Coast,2006,73.68723099
Ivory Coast,2007,70.88490099
Ivory Coast,2008,71.56315422
Ivory Coast,2009,67.88617886
Ivory Coast,2010,74.92969064
Ivory Coast,2011,74.97737557
Ivory Coast,2012,69.6359743
Ivory Coast,2013,69.06762705
Ivory Coast,2014,69.23413567
Ivory Coast,2015,66.72012831
Ivory Coast,2016,63.56427379
Ivory Coast,2017,67.75010553
Ivory Coast,2018,63.04118268
Ivory Coast,2019,72.62900976
Ivory Coast,2020,70.78313253
Ivory Coast,2021,64.11856474
Ivory Coast,2022,48.95104895
Jamaica,2005,56.37175957
Jamaica,2006,59.37518013
Jamaica,2007,64.48908078
Jamaica,2008,74.73029667
Jamaica,2009,71.64776518
Jamaica,2010,76.69576287
Jamaica,2011,72.73445212
Jamaica,2012,73.48559106
Jamaica,2013,70.0427491
Jamaica,2014,69.66814159
Jamaica,2015,71.6581605
Jamaica,2016,71.33764608
Jamaica,2017,74.75859405
Jamaica,2018,75.31086853
Jamaica,2019,76.49029982
Jamaica,2020,76.01190476
Jamaica,2021,69.91991992
Jamaica,2022,67.92332268
Japan,2005,99.11736963
Japan,2006,99.27611169
Japan,2007,99.08936564
Japan,2008,98.7027588
Japan,2009,89.22150385
Japan,2010,95.55444054
Japan,2011,98.08436533
Japan,2012,98.08602999
Japan,2013,98.29189408
Japan,2014,98.57940132
Japan,2015,98.47113885
Japan,2016,98.5995006
Japan,2017,98.32658282
Japan,2018,97.80773868
Japan,2019,98.81578947
Japan,2020,97.62760604
Japan,2021,98.58887381
Japan,2022,98.4857662
Jordan,2005,86.0845738
Jordan,2006,92.80231716
Jordan,2007,90.22796234
Jordan,2008,91.36775719
Jordan,2009,89.30391784
Jordan,2010,85.60156309
Jordan,2011,87.27132544
Jordan,2012,87.45136875
Jordan,2013,86.83439179
Jordan,2014,85.6332816
Jordan,2015,82.95168375
Jordan,2016,86.66240855
Jordan,2017,89.04078378
Jordan,2018,87.84751593
Jordan,2019,88.54953652
Jordan,2020,85.80656738
Jordan,2021,87.99676681
Jordan,2022,87.03071672
Kazakhstan,2005,96.81601328
Kazakhstan,2006,97.60461334
Kazakhstan,2007,95.15092502
Kazakhstan,2008,93.24680881
Kazakhstan,2009,91.58730159
Kazakhstan,2010,90.56468906
Kazakhstan,2011,95.00734214
Kazakhstan,2012,93.92114532
Kazakhstan,2013,93.16493314
Kazakhstan,2014,95.36261825
Kazakhstan,2015,95.21247325
Kazakhstan,2016,94.92331288
Kazakhstan,2017,95.1088755
Kazakhstan,2018,91.67283494
Kazakhstan,2019,85.37935323
Kazakhstan,2020,83.87438999
Kazakhstan,2021,83.31280788
Kazakhstan,2022,81.46314631
Kenya,2005,76.51832194
Kenya,2006,80.54208565
Kenya,2007,82.1695213
Kenya,2008,82.84896283
Kenya,2009,81.60671735
Kenya,2010,80.61542008
Kenya,2011,84.22207723
Kenya,2012,81.97368421
Kenya,2013,84.15639098
Kenya,2014,84.17668902
Kenya,2015,85.39054153
Kenya,2016,80.87693853
Kenya,2017,86.64660225
Kenya,2018,81.14813561
Kenya,2019,77.14424008
Kenya,2020,80.68864707
Kenya,2021,82.38271098
Kenya,2022,83.18654924
Kiribati,2005,undefined
Kiribati,2006,undefined
Kiribati,2008,undefined
Kiribati,2009,undefined
Kiribati,2011,undefined
Kiribati,2013,undefined
Kiribati,2014,60
Kiribati,2016,undefined
Kiribati,2019,undefined
Korea (North),2005,74.41860465
Korea (North),2006,60.97560976
Korea (North),2007,80
Korea (North),2008,85.18518519
Korea (North),2009,undefined
Korea (North),2010,90.47619048
Korea (North),2011,72.72727273
Korea (North),2012,76.19047619
Korea (North),2013,82.35294118
Korea (North),2014,undefined
Korea (North),2015,undefined
Korea (North),2016,undefined
Korea (North),2017,undefined
Korea (North),2018,undefined
Korea (North),2019,undefined
Korea (North),2020,undefined
Korea (North),2021,undefined
Korea (South),2005,91.55772961
Korea (South),2006,82.14050675
Korea (South),2007,79.49516197
Korea (South),2008,85.94454572
Korea (South),2009,86.21510496
Korea (South),2010,94.0004152
Korea (South),2011,97.05680257
Korea (South),2012,97.88989744
Korea (South),2013,98.12842853
Korea (South),2014,98.41861516
Korea (South),2015,98.10974911
Korea (South),2016,98.09769845
Korea (South),2017,97.80988419
Korea (South),2018,97.56361018
Korea (South),2019,98.52546917
Korea (South),2020,98.49257371
Korea (South),2021,98.85263001
Korea (South),2022,96.56593407
Kuwait,2005,99.06740041
Kuwait,2006,98.52280643
Kuwait,2007,96.78843514
Kuwait,2008,99.09724076
Kuwait,2009,97.95792488
Kuwait,2010,98.27487765
Kuwait,2011,98.60054661
Kuwait,2012,99.40308277
Kuwait,2013,99.59118833
Kuwait,2014,99.29531444
Kuwait,2015,99.29500201
Kuwait,2016,98.78265822
Kuwait,2017,97.31711122
Kuwait,2018,97.75510204
Kuwait,2019,98.92596455
Kuwait,2020,98.79324216
Kuwait,2021,98.57249255
Kuwait,2022,98.36065574
Kyrgyzstan,2005,82.17522659
Kyrgyzstan,2006,81.65905632
Kyrgyzstan,2007,79.9847793
Kyrgyzstan,2008,76.32241814
Kyrgyzstan,2009,77.02371218
Kyrgyzstan,2010,70.76190476
Kyrgyzstan,2011,82.90946083
Kyrgyzstan,2012,83.41559724
Kyrgyzstan,2013,77.93974733
Kyrgyzstan,2014,87.58231421
Kyrgyzstan,2015,82.13953488
Kyrgyzstan,2016,82.27194492
Kyrgyzstan,2017,84.2143906
Kyrgyzstan,2018,76.43835616
Kyrgyzstan,2019,74.17840376
Kyrgyzstan,2020,77.27272727
Kyrgyzstan,2021,85.34090909
Kyrgyzstan,2022,undefined
Laos,2005,86.39053254
Laos,2006,undefined
Laos,2007,undefined
Laos,2008,80.64516129
Laos,2009,82.28571429
Laos,2010,79.2746114
Laos,2011,83.42541436
Laos,2012,82.18181818
Laos,2013,88.61788618
Laos,2014,89.22345483
Laos,2015,83.14785374
Laos,2016,82.90960452
Laos,2017,87.42293465
Laos,2018,86.33540373
Laos,2019,89.1
Laos,2020,89.82035928
Laos,2021,92.56198347
Laos,2022,undefined
Latvia,2005,89.65517241
Latvia,2006,undefined
Latvia,2007,undefined
Latvia,2008,undefined
Latvia,2009,undefined
Latvia,2010,66.66666667
Latvia,2011,78.57142857
Latvia,2012,77.77777778
Latvia,2013,undefined
Latvia,2014,62.5
Latvia,2015,66.66666667
Latvia,2016,undefined
Latvia,2017,undefined
Latvia,2018,undefined
Latvia,2019,undefined
Latvia,2020,undefined
Latvia,2021,72.49378625
Latvia,2022,54.38596491
Lebanon,2005,92.94329163
Lebanon,2006,89.63127054
Lebanon,2007,88.43508473
Lebanon,2008,89.98590732
Lebanon,2009,89.52335633
Lebanon,2010,86.00356506
Lebanon,2011,85.69303584
Lebanon,2012,81.14278344
Lebanon,2013,83.75596419
Lebanon,2014,88.8197133
Lebanon,2015,84.15252934
Lebanon,2016,86.0229474
Lebanon,2017,89.61949427
Lebanon,2018,86.59917474
Lebanon,2019,88.89279085
Lebanon,2020,81.93643998
Lebanon,2021,82.37029092
Lebanon,2022,80.80263552
Lesotho,2005,73.94366197
Lesotho,2006,68.57142857
Lesotho,2007,65.88235294
Lesotho,2008,undefined
Lesotho,2009,undefined
Lesotho,2010,84.85714286
Lesotho,2011,undefined
Lesotho,2012,90.68825911
Lesotho,2013,undefined
Lesotho,2014,undefined
Lesotho,2015,undefined
Lesotho,2016,undefined
Lesotho,2017,88.42592593
Lesotho,2018,undefined
Lesotho,2019,89.29765886
Lesotho,2020,92.68292683
Lesotho,2021,95.14563107
Lesotho,2022,undefined
Liberia,2005,70.92105263
Liberia,2006,70.89871612
Liberia,2007,63.52288488
Liberia,2008,62.59097525
Liberia,2009,67.10280374
Liberia,2010,68.82591093
Liberia,2011,73.11111111
Liberia,2012,72.14137214
Liberia,2013,67.98418972
Liberia,2014,70.34313725
Liberia,2015,68.8453159
Liberia,2016,73.07692308
Liberia,2017,69.68973747
Liberia,2018,68.37606838
Liberia,2019,79.07444668
Liberia,2020,70.0729927
Liberia,2021,76.42487047
Liberia,2022,62.76595745
Libya,2005,90.21566955
Libya,2006,90.90405495
Libya,2007,83.80667663
Libya,2008,88.12479931
Libya,2009,85.28013118
Libya,2010,93.66562339
Libya,2011,64.77771418
Libya,2012,75.46374368
Libya,2013,65.67069041
Libya,2014,67.7143985
Libya,2015,43.42279655
Libya,2016,55.62589928
Libya,2017,62.71987398
Libya,2018,54.17768377
Libya,2019,62.8296771
Libya,2020,76.72886937
Libya,2021,78.32131823
Libya,2022,82.49694002
Lithuania,2005,undefined
Lithuania,2006,undefined
Lithuania,2007,undefined
Lithuania,2008,undefined
Lithuania,2009,undefined
Lithuania,2011,undefined
Lithuania,2018,undefined
Lithuania,2020,undefined
Lithuania,2021,73.7254902
Lithuania,2022,55.17241379
Macau,2005,84.67741935
Macau,2006,92.85714286
Macau,2007,95.90163934
Macau,2008,undefined
Macau,2009,undefined
Macau,2010,92.55319149
Macau,2011,96.85863874
Macau,2012,undefined
Macau,2013,undefined
Macau,2014,94.54545455
Macau,2015,undefined
Macau,2016,undefined
Macau,2017,96.62921348
Macau,2018,97.97687861
Macau,2019,98.46153846
Macau,2020,97.22222222
Macau,2021,undefined
Macau,2022,undefined
Macedonia,2005,83.57100416
Macedonia,2006,87.2923807
Macedonia,2007,93.31930563
Macedonia,2008,91.66666667
Macedonia,2009,91.0184667
Macedonia,2010,90.55338178
Macedonia,2011,89.82520219
Macedonia,2012,91.22148426
Macedonia,2013,91.42556549
Macedonia,2014,88.91694725
Macedonia,2015,87.53791012
Macedonia,2016,90.71038251
Macedonia,2017,91.81724316
Macedonia,2018,93.90354868
Macedonia,2019,95.44860627
Macedonia,2020,91.35194308
Macedonia,2021,87.64902241
Macedonia,2022,undefined
Madagascar,2005,95.12761021
Madagascar,2006,92.38095238
Madagascar,2007,92.47311828
Madagascar,2008,89.09465021
Madagascar,2009,84.41247002
Madagascar,2010,91.42857143
Madagascar,2011,89.79118329
Madagascar,2012,86.87782805
Madagascar,2013,undefined
Madagascar,2014,88.91402715
Madagascar,2015,86.8
Madagascar,2016,82.90766208
Madagascar,2017,91.26365055
Madagascar,2018,88.79056047
Madagascar,2019,91.13924051
Madagascar,2020,82.14285714
Madagascar,2021,90
Madagascar,2022,undefined
Malawi,2005,66.5139716
Malawi,2006,62.72051996
Malawi,2007,80.11049724
Malawi,2008,62.0441989
Malawi,2009,76.18207481
Malawi,2010,75.28779739
Malawi,2011,80.95444685
Malawi,2012,81.195801
Malawi,2013,84.07758232
Malawi,2014,85.57640751
Malawi,2015,82.87841191
Malawi,2016,77.98122066
Malawi,2017,75.31398874
Malawi,2018,78.81355932
Malawi,2019,73.93492117
Malawi,2020,76.76886792
Malawi,2021,79.4369645
Malawi,2022,73.30097087
Malaysia,2005,79.54545455
Malaysia,2006,89.79570456
Malaysia,2007,87.29944266
Malaysia,2008,84.1569027
Malaysia,2009,84.8775394
Malaysia,2010,86.28433928
Malaysia,2011,94.00970259
Malaysia,2012,97.19020173
Malaysia,2013,97.94287657
Malaysia,2014,97.86519549
Malaysia,2015,97.28210721
Malaysia,2016,97.31272763
Malaysia,2017,96.90710841
Malaysia,2018,97.30736484
Malaysia,2019,98.019696
Malaysia,2020,98.65181712
Malaysia,2021,98.71433819
Malaysia,2022,95.65868263
Maldives,2005,89.93710692
Maldives,2006,89.83050847
Maldives,2007,undefined
Maldives,2008,75.28735632
Maldives,2009,57.98816568
Maldives,2010,66.66666667
Maldives,2011,69.8630137
Maldives,2012,67.4796748
Maldives,2013,70.34883721
Maldives,2014,81.875
Maldives,2015,86.23188406
Maldives,2016,87.90322581
Maldives,2017,90.34482759
Maldives,2018,91.35802469
Maldives,2019,97.41935484
Maldives,2020,94.54545455
Maldives,2021,undefined
Maldives,2022,undefined
Mali,2005,81.64893617
Mali,2006,80.87367178
Mali,2007,75.77464789
Mali,2008,71.64366374
Mali,2009,64.11347518
Mali,2010,63.35877863
Mali,2011,66.4874552
Mali,2012,63.60708535
Mali,2013,70.93862816
Mali,2014,73.01886792
Mali,2015,68.88888889
Mali,2016,64.59074733
Mali,2017,76.23400366
Mali,2018,70.09345794
Mali,2019,82.55395683
Mali,2020,69.49152542
Mali,2021,69.09090909
Mali,2022,undefined
Malta,2005,undefined
Malta,2006,undefined
Malta,2007,undefined
Malta,2009,undefined
Malta,2015,undefined
Malta,2018,undefined
Malta,2019,undefined
Malta,2020,undefined
Malta,2021,89.26174497
Malta,2022,83.67346939
Marshall Islands,2005,undefined
Marshall Islands,2007,undefined
Marshall Islands,2008,undefined
Marshall Islands,2012,undefined
Marshall Islands,2014,undefined
Marshall Islands,2015,undefined
Marshall Islands,2016,undefined
Marshall Islands,2019,undefined
Mauritania,2005,89.08554572
Mauritania,2006,86.04060914
Mauritania,2007,90.25974026
Mauritania,2008,77.39463602
Mauritania,2009,64.28571429
Mauritania,2010,76.64974619
Mauritania,2011,84.9137931
Mauritania,2012,85.37549407
Mauritania,2013,89.69072165
Mauritania,2014,81.52173913
Mauritania,2015,81.95488722
Mauritania,2016,71
Mauritania,2017,82.95081967
Mauritania,2018,76.34730539
Mauritania,2019,undefined
Mauritania,2020,84.31372549
Mauritania,2021,73.68421053
Mauritania,2022,74.13793103
Mauritius,2005,79.29359823
Mauritius,2006,70.20417321
Mauritius,2007,70.47569804
Mauritius,2008,74.48706512
Mauritius,2009,78.89795918
Mauritius,2010,82.54545455
Mauritius,2011,87.20345075
Mauritius,2012,87.87295476
Mauritius,2013,88.42105263
Mauritius,2014,88.1147541
Mauritius,2015,85.84269663
Mauritius,2016,undefined
Mauritius,2017,90.77844311
Mauritius,2018,87.33087331
Mauritius,2019,90.43583535
Mauritius,2020,93.93939394
Mauritius,2021,94.64831804
Mauritius,2022,89.36170213
Mexico,2005,96.20526089
Mexico,2006,95.13137558
Mexico,2007,94.05607477
Mexico,2008,87.75894539
Mexico,2009,77.75423729
Mexico,2010,80.33126294
Mexico,2011,84.17085427
Mexico,2012,86.07878245
Mexico,2013,88.32879201
Mexico,2014,88.71224165
Mexico,2015,93.48074724
Mexico,2016,94.31242696
Mexico,2017,94.21988682
Mexico,2018,94.49003517
Mexico,2019,96.08585859
Mexico,2020,97.74096386
Mexico,2021,96.90205011
Mexico,2022,96.65551839
Moldova,2005,74.70923603
Moldova,2006,79.68855789
Moldova,2007,82.24446786
Moldova,2008,71.29005059
Moldova,2009,72.15934812
Moldova,2010,79.79746835
Moldova,2011,85.21518987
Moldova,2012,82.09033613
Moldova,2013,83.63252376
Moldova,2014,80.23952096
Moldova,2015,76.05066206
Moldova,2016,74.58309373
Moldova,2017,75.09398496
Moldova,2018,81.67888075
Moldova,2019,85.39697543
Moldova,2020,85.38611926
Moldova,2021,81.81023174
Moldova,2022,70.72409488
Mongolia,2005,67.0154185
Mongolia,2006,73.0824202
Mongolia,2007,75.43514879
Mongolia,2008,50.29902424
Mongolia,2009,64.8696894
Mongolia,2010,62.0316403
Mongolia,2011,69.94434137
Mongolia,2012,82.5130052
Mongolia,2013,87.92291221
Mongolia,2014,84.65250965
Mongolia,2015,84.3559719
Mongolia,2016,83.1613702
Mongolia,2017,69.76744186
Mongolia,2018,72.15865751
Mongolia,2019,66.85467817
Mongolia,2020,73.36065574
Mongolia,2021,79.90580848
Mongolia,2022,57.83365571
Morocco,2005,88.43751895
Morocco,2006,86.93634332
Morocco,2007,90.79863924
Morocco,2008,87.51780627
Morocco,2009,85.34969325
Morocco,2010,85.75514874
Morocco,2011,88.36323691
Morocco,2012,90.34044299
Morocco,2013,90.64451661
Morocco,2014,87.6779227
Morocco,2015,86.91608765
Morocco,2016,81.62295893
Morocco,2017,81.70166477
Morocco,2018,76.27061023
Morocco,2019,77.89256198
Morocco,2020,73.02170569
Morocco,2021,68.4351914
Morocco,2022,68.94877397
Mozambique,2005,92.56110521
Mozambique,2006,81.16683726
Mozambique,2007,80.75980392
Mozambique,2008,75.52966102
Mozambique,2009,84.01880141
Mozambique,2010,84.37132785
Mozambique,2011,87.33681462
Mozambique,2012,89.76958525
Mozambique,2013,92.14092141
Mozambique,2014,93.18001586
Mozambique,2015,87.47826087
Mozambique,2016,81.96233895
Mozambique,2017,83.55795148
Mozambique,2018,82.14010778
Mozambique,2019,77.54303599
Mozambique,2020,79.9086758
Mozambique,2021,79.38461538
Mozambique,2022,69.61325967
Namibia,2005,61.25244618
Namibia,2006,55.52486188
Namibia,2007,42.18362283
Namibia,2008,55.69230769
Namibia,2009,67.28110599
Namibia,2010,71.35416667
Namibia,2011,undefined
Namibia,2012,80
Namibia,2013,undefined
Namibia,2014,82.16216216
Namibia,2015,undefined
Namibia,2016,undefined
Namibia,2017,80.7106599
Namibia,2018,75
Namibia,2019,76.68393782
Namibia,2020,79.05405405
Namibia,2021,undefined
Namibia,2022,undefined
Nepal,2005,83.13408261
Nepal,2006,81.21225777
Nepal,2007,71.48462696
Nepal,2008,58.18672776
Nepal,2009,78.67441209
Nepal,2010,61.5474844
Nepal,2011,78.62455957
Nepal,2012,79.42339374
Nepal,2013,71.72364672
Nepal,2014,77.02799713
Nepal,2015,72.12894028
Nepal,2016,70.72401434
Nepal,2017,73.65195184
Nepal,2018,74.04305437
Nepal,2019,77.90036961
Nepal,2020,82.74627721
Nepal,2021,85.75835022
Nepal,2022,89.79992154
Netherlands,2005,61.53846154
Netherlands,2006,22.22222222
Netherlands,2007,37.5
Netherlands,2008,36.36363636
Netherlands,2009,undefined
Netherlands,2011,undefined
Netherlands,2012,undefined
Netherlands,2013,undefined
Netherlands,2015,undefined
Netherlands,2016,undefined
Netherlands,2018,undefined
Netherlands,2019,undefined
Netherlands,2020,undefined
Netherlands,2021,90.54006354
Netherlands,2022,81.43133462
New Zealand,2005,98.33898305
New Zealand,2006,98.1843348
New Zealand,2007,98.24282561
New Zealand,2008,95.25644827
New Zealand,2009,90.05715805
New Zealand,2010,92.76100875
New Zealand,2011,94.30624655
New Zealand,2012,95.39748954
New Zealand,2013,95.17704518
New Zealand,2014,96.51962188
New Zealand,2015,96.0844803
New Zealand,2016,96.96707106
New Zealand,2017,95.236682
New Zealand,2018,94.58052664
New Zealand,2019,95.75210017
New Zealand,2020,94.27207637
New Zealand,2021,94.43850267
New Zealand,2022,96.42529789
Nicaragua,2005,undefined
Nicaragua,2006,undefined
Nicaragua,2007,undefined
Nicaragua,2008,undefined
Nicaragua,2009,undefined
Nicaragua,2010,89.28571429
Nicaragua,2011,undefined
Nicaragua,2012,50
Nicaragua,2013,65.2173913
Nicaragua,2014,undefined
Nicaragua,2015,undefined
Nicaragua,2016,undefined
Nicaragua,2017,undefined
Nicaragua,2018,70.83333333
Nicaragua,2019,undefined
Nicaragua,2020,undefined
Nicaragua,2021,undefined
Nicaragua,2022,undefined
Niger,2005,65.41353383
Niger,2006,71.875
Niger,2007,75
Niger,2008,70.4
Niger,2009,69.23076923
Niger,2010,72.32142857
Niger,2011,74.87922705
Niger,2012,83.16498316
Niger,2013,76.29310345
Niger,2014,76.23762376
Niger,2015,67.48768473
Niger,2016,62.10526316
Niger,2017,76.79558011
Niger,2018,72.24669604
Niger,2019,80.90909091
Niger,2020,84
Niger,2021,93.57142857
Niger,2022,73.52941176
Nigeria,2005,55.30917965
Nigeria,2006,50.1381741
Nigeria,2007,55.39053776
Nigeria,2008,57.53590348
Nigeria,2009,61.84990143
Nigeria,2010,69.25499871
Nigeria,2011,73.45599863
Nigeria,2012,67.29329788
Nigeria,2013,67.07717486
Nigeria,2014,73.29673474
Nigeria,2015,68.66146113
Nigeria,2016,64.99695983
Nigeria,2017,67.54044723
Nigeria,2018,63.37848532
Nigeria,2019,69.91961404
Nigeria,2020,69.04498757
Nigeria,2021,72.68201408
Nigeria,2022,73.43587865
Occupied Palestinian Territories,2005,86.19642254
Occupied Palestinian Territories,2006,83.40791738
Occupied Palestinian Territories,2007,82.77012933
Occupied Palestinian Territories,2008,80.45830681
Occupied Palestinian Territories,2009,76.92307692
Occupied Palestinian Territories,2010,74.96483826
Occupied Palestinian Territories,2011,76.93570451
Occupied Palestinian Territories,2012,73.663726
Occupied Palestinian Territories,2013,75.12814798
Occupied Palestinian Territories,2014,67.38326399
Occupied Palestinian Territories,2015,59.49152542
Occupied Palestinian Territories,2016,61.10395189
Occupied Palestinian Territories,2017,66.32071632
Occupied Palestinian Territories,2018,67.27539882
Occupied Palestinian Territories,2019,69.83173077
Occupied Palestinian Territories,2020,70.35603715
Occupied Palestinian Territories,2021,78.73471558
Occupied Palestinian Territories,2022,69.9378882
Oman,2005,98.69539724
Oman,2006,98.24054983
Oman,2007,97.27683316
Oman,2008,98.86447272
Oman,2009,97.47314453
Oman,2010,97.96752583
Oman,2011,98.89298893
Oman,2012,97.35402927
Oman,2013,97.92820379
Oman,2014,97.95874517
Oman,2015,99.13205208
Oman,2016,98.09278351
Oman,2017,98.65206403
Oman,2018,97.1364402
Oman,2019,98.33127318
Oman,2020,98.39381321
Oman,2021,98.24654623
Oman,2022,97.08333333
Other and unknown,2005,87.49341481
Other and unknown,2006,87.08102109
Other and unknown,2007,81.63024217
Other and unknown,2008,76.32498544
Other and unknown,2009,75.07048872
Other and unknown,2010,71.77615572
Other and unknown,2011,74.21623205
Other and unknown,2012,71.1287578
Other and unknown,2013,59.20757538
Other and unknown,2014,68.71061561
Other and unknown,2015,70.10495838
Other and unknown,2016,64.33868974
Other and unknown,2017,76.88483844
Other and unknown,2018,76.87326549
Other and unknown,2019,85.4526426
Other and unknown,2020,79.83050847
Other and unknown,2021,68.8253012
Other and unknown,2022,71.32352941
Pakistan,2005,65.85028379
Pakistan,2006,68.02208035
Pakistan,2007,59.5096917
Pakistan,2008,60.89069205
Pakistan,2009,56.88461852
Pakistan,2010,66.98055556
Pakistan,2011,76.3767433
Pakistan,2012,65.89545571
Pakistan,2013,69.33150575
Pakistan,2014,64.80596786
Pakistan,2015,53.29560303
Pakistan,2016,53.95602313
Pakistan,2017,65.83089982
Pakistan,2018,68.59809345
Pakistan,2019,58.44404805
Pakistan,2020,57.23208802
Pakistan,2021,65.8217562
Pakistan,2022,73.42838786
Panama,2005,undefined
Panama,2006,undefined
Panama,2007,undefined
Panama,2008,undefined
Panama,2009,69.23076923
Panama,2010,76.92307692
Panama,2011,65.38461538
Panama,2012,75.34246575
Panama,2013,79.36507937
Panama,2014,76.66666667
Panama,2015,81.17647059
Panama,2016,undefined
Panama,2017,undefined
Panama,2018,92.85714286
Panama,2019,88.63636364
Panama,2020,undefined
Panama,2021,93.75
Panama,2022,undefined
Papua New Guinea,2005,undefined
Papua New Guinea,2006,87.5
Papua New Guinea,2007,76.19047619
Papua New Guinea,2008,undefined
Papua New Guinea,2009,undefined
Papua New Guinea,2010,undefined
Papua New Guinea,2011,undefined
Papua New Guinea,2012,72
Papua New Guinea,2013,undefined
Papua New Guinea,2014,75
Papua New Guinea,2015,undefined
Papua New Guinea,2016,undefined
Papua New Guinea,2017,undefined
Papua New Guinea,2018,undefined
Papua New Guinea,2019,71.42857143
Papua New Guinea,2020,undefined
Papua New Guinea,2021,undefined
Papua New Guinea,2022,undefined
Paraguay,2005,undefined
Paraguay,2006,91.83673469
Paraguay,2007,undefined
Paraguay,2008,undefined
Paraguay,2009,82.69230769
Paraguay,2010,82
Paraguay,2011,undefined
Paraguay,2012,undefined
Paraguay,2013,87.75510204
Paraguay,2014,81.81818182
Paraguay,2015,undefined
Paraguay,2016,undefined
Paraguay,2017,95.55555556
Paraguay,2018,undefined
Paraguay,2019,undefined
Paraguay,2020,undefined
Paraguay,2021,undefined
Paraguay,2022,undefined
Peru,2005,94.39687267
Peru,2006,95.85109872
Peru,2007,92.56906955
Peru,2008,91.56807512
Peru,2009,89.56254797
Peru,2010,89.48910456
Peru,2011,90.51755338
Peru,2012,94.35933148
Peru,2013,92.01211735
Peru,2014,94.20289855
Peru,2015,94.76607826
Peru,2016,92.86504425
Peru,2017,93.57807052
Peru,2018,94.33481258
Peru,2019,96.55977724
Peru,2020,92.53212921
Peru,2021,87.12153518
Peru,2022,87.72635815
Philippines,2005,86.38091544
Philippines,2006,86.52104609
Philippines,2007,88.15205174
Philippines,2008,84.22116185
Philippines,2009,77.71107794
Philippines,2010,81.428546
Philippines,2011,87.00777429
Philippines,2012,86.33247888
Philippines,2013,87.8066572
Philippines,2014,89.6711622
Philippines,2015,89.25491027
Philippines,2016,89.75396023
Philippines,2017,89.55237464
Philippines,2018,89.84563311
Philippines,2019,90.98850405
Philippines,2020,89.98388729
Philippines,2021,90.29644333
Philippines,2022,86.93705793
Poland,2005,undefined
Poland,2006,undefined
Poland,2007,66.66666667
Poland,2008,27.27272727
Poland,2009,30
Poland,2010,undefined
Poland,2011,undefined
Poland,2012,undefined
Poland,2013,undefined
Poland,2017,undefined
Poland,2018,undefined
Poland,2020,undefined
Poland,2021,76.04235606
Poland,2022,57.32323232
Qatar,2005,99.79781161
Qatar,2006,99.82232273
Qatar,2007,99.53883495
Qatar,2008,99.69213546
Qatar,2009,98.84574087
Qatar,2010,99.27760578
Qatar,2011,99.54705586
Qatar,2012,98.95771587
Qatar,2013,99.40106227
Qatar,2014,99.53883715
Qatar,2015,99.09311305
Qatar,2016,99.0265223
Qatar,2017,98.14468933
Qatar,2018,97.46919306
Qatar,2019,98.57885086
Qatar,2020,98.82434302
Qatar,2021,97.72165797
Qatar,2022,98.56687898
Refugee,2005,86.99307616
Refugee,2006,90.84507042
Refugee,2007,86.42447419
Refugee,2008,82.64952031
Refugee,2009,70.72894779
Refugee,2010,71.0991545
Refugee,2011,68.51934193
Refugee,2012,67.98794622
Refugee,2013,68.21576763
Refugee,2014,69.86734049
Refugee,2015,70.05338385
Refugee,2016,70.26506024
Refugee,2017,70.35990482
Refugee,2018,65.06517691
Refugee,2019,74.15363063
Refugee,2020,71.15325788
Refugee,2021,56.38266938
Refugee,2022,45.41213064
Romania,2005,89.15973544
Romania,2006,89.28351711
Romania,2007,68.18181818
Romania,2008,83.92857143
Romania,2009,80
Romania,2010,78.94736842
Romania,2011,undefined
Romania,2012,undefined
Romania,2013,84.21052632
Romania,2014,62.5
Romania,2015,undefined
Romania,2017,undefined
Romania,2018,54.54545455
Romania,2019,undefined
Romania,2020,94.82758621
Romania,2021,70.87354615
Romania,2022,56.34743875
Russia,2005,97.14624286
Russia,2006,96.51715137
Russia,2007,94.42213775
Russia,2008,93.56107995
Russia,2009,90.11881959
Russia,2010,92.45143554
Russia,2011,95.56481708
Russia,2012,95.39708739
Russia,2013,96.05548752
Russia,2014,97.28539441
Russia,2015,95.70261131
Russia,2016,95.81702023
Russia,2017,97.37165548
Russia,2018,98.22938779
Russia,2019,98.41833201
Russia,2020,96.14898005
Russia,2021,90.77377437
Russia,2022,87.34607219
Rwanda,2005,64.21446384
Rwanda,2006,77.44444444
Rwanda,2007,81.33333333
Rwanda,2008,76.12903226
Rwanda,2009,69.73140496
Rwanda,2010,73.16176471
Rwanda,2011,73.91304348
Rwanda,2012,71.16022099
Rwanda,2013,78.47049044
Rwanda,2014,82.03539823
Rwanda,2015,80.79777365
Rwanda,2016,78.40425532
Rwanda,2017,86.04316547
Rwanda,2018,72.81795511
Rwanda,2019,76.05442177
Rwanda,2020,77.86116323
Rwanda,2021,75.31914894
Rwanda,2022,76.30522088
Samoa,2005,81.81818182
Samoa,2006,84.84848485
Samoa,2007,63.63636364
Samoa,2008,66.66666667
Samoa,2009,undefined
Samoa,2010,60
Samoa,2011,undefined
Samoa,2012,undefined
Samoa,2013,undefined
Samoa,2014,undefined
Samoa,2015,82.35294118
Samoa,2016,undefined
Samoa,2017,undefined
Samoa,2018,undefined
Samoa,2019,undefined
Samoa,2020,undefined
Samoa,2021,undefined
Sao Tome and Principe,2005,undefined
Sao Tome and Principe,2006,undefined
Sao Tome and Principe,2007,71.06918239
Sao Tome and Principe,2008,57.25806452
Sao Tome and Principe,2009,undefined
Sao Tome and Principe,2010,undefined
Sao Tome and Principe,2011,undefined
Sao Tome and Principe,2012,undefined
Sao Tome and Principe,2013,56.92307692
Sao Tome and Principe,2014,71.73913043
Sao Tome and Principe,2015,67.27272727
Sao Tome and Principe,2016,40.50632911
Sao Tome and Principe,2017,undefined
Sao Tome and Principe,2018,41.25
Sao Tome and Principe,2019,58.24175824
Sao Tome and Principe,2020,48.86363636
Sao Tome and Principe,2021,52.34375
Sao Tome and Principe,2022,undefined
Saudi Arabia,2005,98.49944934
Saudi Arabia,2006,97.93990052
Saudi Arabia,2007,98.78341471
Saudi Arabia,2008,99.13382888
Saudi Arabia,2009,96.89031237
Saudi Arabia,2010,97.11263255
Saudi Arabia,2011,98.41501205
Saudi Arabia,2012,98.6499166
Saudi Arabia,2013,98.15834001
Saudi Arabia,2014,97.71626646
Saudi Arabia,2015,98.66022189
Saudi Arabia,2016,98.5981031
Saudi Arabia,2017,99.13038635
Saudi Arabia,2018,99.07449241
Saudi Arabia,2019,99.27950074
Saudi Arabia,2020,98.07319842
Saudi Arabia,2021,97.74734826
Saudi Arabia,2022,95.58060476
Senegal,2005,77.56116208
Senegal,2006,79.43925234
Senegal,2007,75.12811753
Senegal,2008,71.23420797
Senegal,2009,59.44700461
Senegal,2010,69.592089
Senegal,2011,63.36244541
Senegal,2012,55.86380832
Senegal,2013,62.84604177
Senegal,2014,61.6514691
Senegal,2015,61.96920205
Senegal,2016,57.21200387
Senegal,2017,63.46678799
Senegal,2018,56.89935065
Senegal,2019,67.63485477
Senegal,2020,54.58860759
Senegal,2021,58.42818428
Senegal,2022,44.08427877
Serbia and Montenegro,2005,91.12047802
Serbia and Montenegro,2006,92.57735728
Seychelles,2005,81.88679245
Seychelles,2006,77.64227642
Seychelles,2007,76.73469388
Seychelles,2008,78.16091954
Seychelles,2009,87.65432099
Seychelles,2010,89.17197452
Seychelles,2011,91.74311927
Seychelles,2012,89.32038835
Seychelles,2013,90.09009009
Seychelles,2014,undefined
Seychelles,2015,undefined
Seychelles,2016,undefined
Seychelles,2017,undefined
Seychelles,2018,87.58169935
Seychelles,2019,96.21212121
Seychelles,2020,undefined
Seychelles,2021,undefined
Seychelles,2022,undefined
Sierra Leone,2005,71.6548198
Sierra Leone,2006,68.83015501
Sierra Leone,2007,58.27411168
Sierra Leone,2008,62.25910064
Sierra Leone,2009,66.90544413
Sierra Leone,2010,75.98607889
Sierra Leone,2011,69.20600858
Sierra Leone,2012,65.73445561
Sierra Leone,2013,66.72922252
Sierra Leone,2014,67.88617886
Sierra Leone,2015,61.92794547
Sierra Leone,2016,59.25592559
Sierra Leone,2017,62.26586103
Sierra Leone,2018,57.53311258
Sierra Leone,2019,64.6602945
Sierra Leone,2020,54.18620228
Sierra Leone,2021,54.22639644
Sierra Leone,2022,44.20190996
Singapore,2005,93.63636364
Singapore,2006,94.88456315
Singapore,2007,95.58139535
Singapore,2008,88.32054561
Singapore,2009,87.94587946
Singapore,2010,85.44073952
Singapore,2011,97.1656051
Singapore,2012,98.11757892
Singapore,2013,98.57795835
Singapore,2014,97.90773885
Singapore,2015,97.32006126
Singapore,2016,98.00531915
Singapore,2017,96.76071055
Singapore,2018,97.668678
Singapore,2019,97.80410286
Singapore,2020,98.32855778
Singapore,2021,98.30287206
Singapore,2022,95.59322034
Slovakia,2005,undefined
Slovakia,2006,undefined
Slovakia,2007,undefined
Slovakia,2008,undefined
Slovakia,2009,undefined
Slovakia,2016,undefined
Slovakia,2018,undefined
Slovakia,2019,undefined
Slovakia,2020,undefined
Slovakia,2021,87.11538462
Slovakia,2022,71.23287671
Solomon Islands,2005,undefined
Solomon Islands,2006,undefined
Solomon Islands,2007,undefined
Solomon Islands,2008,undefined
Solomon Islands,2009,undefined
Solomon Islands,2010,undefined
Solomon Islands,2011,undefined
Solomon Islands,2012,undefined
Solomon Islands,2013,undefined
Solomon Islands,2014,undefined
Solomon Islands,2015,undefined
Solomon Islands,2016,undefined
Solomon Islands,2017,undefined
Solomon Islands,2018,undefined
Solomon Islands,2019,undefined
Solomon Islands,2021,undefined
Somalia,2005,60.73176416
Somalia,2006,52.46325311
Somalia,2007,56.29207664
Somalia,2008,50.73891626
Somalia,2009,57.63139775
Somalia,2010,62.25764757
Somalia,2011,63.55985037
Somalia,2012,53.38320299
Somalia,2013,66.66666667
Somalia,2014,60.57328286
Somalia,2015,46.33524538
Somalia,2016,53.8762215
Somalia,2017,67.47200943
Somalia,2018,64.08483172
Somalia,2019,55.47464239
Somalia,2020,38.48886019
Somalia,2021,38.59204862
Somalia,2022,42.87878788
South Africa,2005,88.40902139
South Africa,2006,79.49127327
South Africa,2007,82.42759674
South Africa,2008,87.57243196
South Africa,2009,96.96647153
South Africa,2010,96.51748615
South Africa,2011,96.50037559
South Africa,2012,96.75773722
South Africa,2013,97.48263446
South Africa,2014,98.28829232
South Africa,2015,98.27374832
South Africa,2016,97.73808559
South Africa,2017,97.95588496
South Africa,2018,97.37371855
South Africa,2019,96.24514531
South Africa,2020,95.17064718
South Africa,2021,94.28447151
South Africa,2022,95.96481845
Spain,2005,60
Spain,2006,28.57142857
Spain,2007,undefined
Spain,2008,undefined
Spain,2009,undefined
Spain,2010,undefined
Spain,2011,10
Spain,2012,undefined
Spain,2013,undefined
Spain,2014,undefined
Spain,2015,undefined
Spain,2017,undefined
Spain,2019,undefined
Spain,2020,undefined
Spain,2021,94.80635109
Spain,2022,89.28247048
Sri Lanka,2005,78.9708484
Sri Lanka,2006,79.23869313
Sri Lanka,2007,77.52111996
Sri Lanka,2008,77.9367527
Sri Lanka,2009,73.40971654
Sri Lanka,2010,76.65698012
Sri Lanka,2011,71.78417543
Sri Lanka,2012,77.06840391
Sri Lanka,2013,79.43521478
Sri Lanka,2014,79.8024872
Sri Lanka,2015,74.73153699
Sri Lanka,2016,68.01178203
Sri Lanka,2017,78.37269436
Sri Lanka,2018,78.3145263
Sri Lanka,2019,78.894362
Sri Lanka,2020,79.20814739
Sri Lanka,2021,87.05401801
Sri Lanka,2022,87.5464684
St. Kitts and Nevis,2005,undefined
St. Kitts and Nevis,2006,undefined
St. Kitts and Nevis,2007,undefined
St. Kitts and Nevis,2008,79.41176471
St. Kitts and Nevis,2009,76
St. Kitts and Nevis,2010,undefined
St. Kitts and Nevis,2011,75
St. Kitts and Nevis,2012,80.3030303
St. Kitts and Nevis,2013,77.77777778
St. Kitts and Nevis,2014,71.59090909
St. Kitts and Nevis,2015,63.50364964
St. Kitts and Nevis,2016,undefined
St. Kitts and Nevis,2017,77.93103448
St. Kitts and Nevis,2018,89.04109589
St. Kitts and Nevis,2019,undefined
St. Kitts and Nevis,2020,87.16216216
St. Kitts and Nevis,2021,undefined
St. Kitts and Nevis,2022,undefined
St. Lucia,2005,84.87394958
St. Lucia,2006,78.55297158
St. Lucia,2007,68.27794562
St. Lucia,2008,64.65256798
St. Lucia,2009,undefined
St. Lucia,2010,undefined
St. Lucia,2011,67.13286713
St. Lucia,2012,undefined
St. Lucia,2013,70.64220183
St. Lucia,2014,undefined
St. Lucia,2015,78.70967742
St. Lucia,2016,undefined
St. Lucia,2017,undefined
St. Lucia,2018,85.12396694
St. Lucia,2019,undefined
St. Lucia,2020,92.55319149
St. Lucia,2021,91.37931034
St. Lucia,2022,86.36363636
St. Vincent and the Grenadines,2005,87.91208791
St. Vincent and the Grenadines,2006,undefined
St. Vincent and the Grenadines,2007,78.97727273
St. Vincent and the Grenadines,2008,73.37662338
St. Vincent and the Grenadines,2009,undefined
St. Vincent and the Grenadines,2010,82.25806452
St. Vincent and the Grenadines,2011,undefined
St. Vincent and the Grenadines,2012,undefined
St. Vincent and the Grenadines,2013,undefined
St. Vincent and the Grenadines,2014,74.07407407
St. Vincent and the Grenadines,2015,undefined
St. Vincent and the Grenadines,2016,undefined
St. Vincent and the Grenadines,2017,86.44067797
St. Vincent and the Grenadines,2018,undefined
St. Vincent and the Grenadines,2019,undefined
St. Vincent and the Grenadines,2020,undefined
St. Vincent and the Grenadines,2021,94.35028249
St. Vincent and the Grenadines,2022,undefined
Stateless,2005,80.70251518
Stateless,2006,79.43067034
Stateless,2007,66.47498562
Stateless,2008,56.96804895
Stateless,2009,57.97219951
Stateless,2010,58.45997974
Stateless,2011,61.47959184
Stateless,2012,62.65822785
Stateless,2013,65.11627907
Stateless,2014,57.14285714
Stateless,2015,67.04980843
Stateless,2016,undefined
Stateless,2017,63.78466558
Stateless,2018,66.45230439
Stateless,2019,78.01831807
Stateless,2020,75.06702413
Stateless,2021,69.49152542
Stateless,2022,undefined
Sudan,2005,90.09724982
Sudan,2006,89.10745473
Sudan,2007,82.37024386
Sudan,2008,78.22011341
Sudan,2009,73.50549451
Sudan,2010,74.46456286
Sudan,2011,73.24183424
Sudan,2012,62.29579141
Sudan,2013,68.1164232
Sudan,2014,57.77974936
Sudan,2015,47.08515033
Sudan,2016,47.07589286
Sudan,2017,64.21613049
Sudan,2018,64.43422631
Sudan,2019,64.5517767
Sudan,2020,72.4340815
Sudan,2021,67.8085481
Sudan,2022,71.6822891
Surinam,2005,96.44268775
Surinam,2006,96.46464646
Surinam,2007,85.50724638
Surinam,2008,80.11049724
Surinam,2009,80.55555556
Surinam,2010,78.94736842
Surinam,2011,73.68421053
Surinam,2012,undefined
Surinam,2013,77.40112994
Surinam,2014,85.32110092
Surinam,2015,89.0625
Surinam,2016,undefined
Surinam,2017,undefined
Surinam,2018,78.75
Surinam,2019,84.1025641
Surinam,2020,undefined
Surinam,2021,undefined
Surinam,2022,undefined
Swaziland,2005,53.44129555
Swaziland,2006,undefined
Swaziland,2007,45.28301887
Swaziland,2008,57.14285714
Swaziland,2009,83.77723971
Swaziland,2010,83.47280335
Swaziland,2011,86.55913978
Swaziland,2012,89.80044346
Swaziland,2013,undefined
Swaziland,2014,undefined
Swaziland,2015,undefined
Swaziland,2016,undefined
Swaziland,2017,undefined
Swaziland,2018,91.75257732
Swaziland,2019,89.23679061
Swaziland,2020,75.20661157
Swaziland,2021,90.76923077
Swaziland,2022,undefined
Sweden,2005,62.06896552
Sweden,2006,57.14285714
Sweden,2007,33.33333333
Sweden,2008,55.55555556
Sweden,2009,undefined
Sweden,2010,undefined
Sweden,2011,57.14285714
Sweden,2012,33.33333333
Sweden,2015,undefined
Sweden,2016,undefined
Sweden,2017,undefined
Sweden,2018,undefined
Sweden,2019,undefined
Sweden,2020,undefined
Sweden,2021,91.92740926
Sweden,2022,84.53608247
Switzerland,2005,undefined
Switzerland,2006,undefined
Switzerland,2007,28.57142857
Switzerland,2008,undefined
Switzerland,2009,undefined
Switzerland,2010,undefined
Switzerland,2011,undefined
Switzerland,2012,undefined
Switzerland,2013,undefined
Switzerland,2014,undefined
Switzerland,2015,33.33333333
Switzerland,2016,undefined
Switzerland,2017,undefined
Switzerland,2019,undefined
Switzerland,2020,71.42857143
Switzerland,2021,95.46391753
Switzerland,2022,88.46153846
Syria,2005,89.4438723
Syria,2006,85.11086475
Syria,2007,79.35825813
Syria,2008,76.2197622
Syria,2009,73.75560409
Syria,2010,69.66065346
Syria,2011,68.68118717
Syria,2012,50.37528868
Syria,2013,51.75128971
Syria,2014,40.3099814
Syria,2015,53.53718111
Syria,2016,70.67686967
Syria,2017,77.89991322
Syria,2018,75.28768157
Syria,2019,76.95496514
Syria,2020,72.89386612
Syria,2021,68.59725477
Syria,2022,66.82218766
Taiwan,2005,99.5614611
Taiwan,2006,99.21791248
Taiwan,2007,98.65995311
Taiwan,2008,99.13946003
Taiwan,2009,97.11864407
Taiwan,2010,96.85746352
Taiwan,2011,97.69984058
Taiwan,2012,98.56870229
Taiwan,2013,98.77081681
Taiwan,2014,98.65957027
Taiwan,2015,98.49207864
Taiwan,2016,98.52478363
Taiwan,2017,97.59496087
Taiwan,2018,98.07728917
Taiwan,2019,98.42534272
Taiwan,2020,98.76160991
Taiwan,2021,98.91520921
Taiwan,2022,96.30541872
Tajikistan,2005,81.39534884
Tajikistan,2006,84.5971564
Tajikistan,2007,80.75117371
Tajikistan,2008,86.2745098
Tajikistan,2009,84.91620112
Tajikistan,2010,90.84337349
Tajikistan,2011,90.95890411
Tajikistan,2012,87.36383442
Tajikistan,2013,86.52968037
Tajikistan,2014,88.05309735
Tajikistan,2015,78.84130982
Tajikistan,2016,83.41346154
Tajikistan,2017,79.43396226
Tajikistan,2018,80.91603053
Tajikistan,2019,74.42572741
Tajikistan,2020,undefined
Tajikistan,2021,93.50152905
Tajikistan,2022,undefined
Tanzania,2005,81.62778079
Tanzania,2006,86.73583222
Tanzania,2007,81.1055832
Tanzania,2008,75.38370018
Tanzania,2009,71.53589316
Tanzania,2010,72.12679575
Tanzania,2011,79.18715175
Tanzania,2012,77.60917215
Tanzania,2013,80.29739777
Tanzania,2014,81.53030059
Tanzania,2015,86.6154115
Tanzania,2016,79.66195113
Tanzania,2017,85.96427269
Tanzania,2018,80.51502146
Tanzania,2019,78.46042645
Tanzania,2020,77.91907514
Tanzania,2021,80.5907173
Tanzania,2022,79.53296703
Thailand,2005,90.53883707
Thailand,2006,89.07848285
Thailand,2007,89.34843827
Thailand,2008,89.60621426
Thailand,2009,90.87745512
Thailand,2010,91.46764861
Thailand,2011,93.54698516
Thailand,2012,94.48785339
Thailand,2013,94.75676262
Thailand,2014,94.360587
Thailand,2015,93.38428436
Thailand,2016,92.98411379
Thailand,2017,95.24109308
Thailand,2018,95.9880415
Thailand,2019,96.31927123
Thailand,2020,95.18646491
Thailand,2021,90.71960298
Thailand,2022,93.35671147
Togo,2005,67.82841823
Togo,2006,71.93732194
Togo,2007,70.38834951
Togo,2008,62.46290801
Togo,2009,65.70915619
Togo,2010,71.00371747
Togo,2011,69.49541284
Togo,2012,73.68421053
Togo,2013,63.28828829
Togo,2014,71.29186603
Togo,2015,65.18691589
Togo,2016,65.30120482
Togo,2017,72.42105263
Togo,2018,70.44145873
Togo,2019,71.58469945
Togo,2020,46.90909091
Togo,2021,53.46820809
Togo,2022,32.5
Tonga,2005,undefined
Tonga,2006,73.80952381
Tonga,2007,66.66666667
Tonga,2008,undefined
Tonga,2009,undefined
Tonga,2010,undefined
Tonga,2011,undefined
Tonga,2012,undefined
Tonga,2013,83.33333333
Tonga,2014,undefined
Tonga,2015,undefined
Tonga,2016,undefined
Tonga,2017,undefined
Tonga,2018,undefined
Tonga,2019,undefined
Tonga,2020,undefined
Tonga,2021,undefined
Trinidad and Tobago,2005,91.40010488
Trinidad and Tobago,2006,92.5477707
Trinidad and Tobago,2007,90.94462541
Trinidad and Tobago,2008,88.37037037
Trinidad and Tobago,2009,86.64085189
Trinidad and Tobago,2010,80.99808061
Trinidad and Tobago,2011,88.66120219
Trinidad and Tobago,2012,88.86827458
Trinidad and Tobago,2013,90.42553191
Trinidad and Tobago,2014,93.23583181
Trinidad and Tobago,2015,92.66917293
Trinidad and Tobago,2016,undefined
Trinidad and Tobago,2017,undefined
Trinidad and Tobago,2018,91.27272727
Trinidad and Tobago,2019,93.36349925
Trinidad and Tobago,2020,97.53846154
Trinidad and Tobago,2021,95.90747331
Trinidad and Tobago,2022,95.4887218
Tunisia,2005,90.22166607
Tunisia,2006,90.36810986
Tunisia,2007,90.02987304
Tunisia,2008,87.49238579
Tunisia,2009,87.69760843
Tunisia,2010,82.7404222
Tunisia,2011,86.02561652
Tunisia,2012,85.22209086
Tunisia,2013,85.04880213
Tunisia,2014,85.34872835
Tunisia,2015,83.96569269
Tunisia,2016,78.95278528
Tunisia,2017,78.01257862
Tunisia,2018,73.09313913
Tunisia,2019,74.10986102
Tunisia,2020,77.28471002
Tunisia,2021,74.62981244
Tunisia,2022,67.5566343
Turkey,2005,93.02568616
Turkey,2006,92.95881123
Turkey,2007,93.09706919
Turkey,2008,92.20706533
Turkey,2009,91.40607089
Turkey,2010,91.79445368
Turkey,2011,90.67416294
Turkey,2012,90.82921965
Turkey,2013,91.24034682
Turkey,2014,92.09127709
Turkey,2015,91.68733278
Turkey,2016,90.99596391
Turkey,2017,91.04174567
Turkey,2018,90.00305914
Turkey,2019,85.20275576
Turkey,2020,72.21551692
Turkey,2021,51.65560519
Turkey,2022,81.52143845
Turkmenistan,2005,79.53296703
Turkmenistan,2006,67.84726065
Turkmenistan,2007,73.63957597
Turkmenistan,2008,79.84711605
Turkmenistan,2009,89.98144712
Turkmenistan,2010,78.28947368
Turkmenistan,2011,77.16049383
Turkmenistan,2012,78.77256318
Turkmenistan,2013,undefined
Turkmenistan,2014,87.06467662
Turkmenistan,2015,81.96721311
Turkmenistan,2016,81.6588785
Turkmenistan,2017,84.24507659
Turkmenistan,2018,81.42023346
Turkmenistan,2019,79.21527041
Turkmenistan,2020,undefined
Turkmenistan,2021,77.51937984
Turkmenistan,2022,63.75
Uganda,2005,53.85484965
Uganda,2006,65.70194781
Uganda,2007,70.77947513
Uganda,2008,70.71198898
Uganda,2009,66.32935663
Uganda,2010,66.61627907
Uganda,2011,67.49168822
Uganda,2012,63.38324465
Uganda,2013,66.45970446
Uganda,2014,69.0336563
Uganda,2015,69.48148148
Uganda,2016,52.02439657
Uganda,2017,65.66332219
Uganda,2018,63.33617643
Uganda,2019,65.02970777
Uganda,2020,73.53077279
Uganda,2021,74.31318681
Uganda,2022,68.10572687
Ukraine,2005,91.88672587
Ukraine,2006,90.63518542
Ukraine,2007,91.13565065
Ukraine,2008,87.90453408
Ukraine,2009,86.80366797
Ukraine,2010,87.17136086
Ukraine,2011,90.48251649
Ukraine,2012,90.52548908
Ukraine,2013,92.66339834
Ukraine,2014,87.3921285
Ukraine,2015,80.44667158
Ukraine,2016,83.00716915
Ukraine,2017,87.21425015
Ukraine,2018,89.5622252
Ukraine,2019,91.24487004
Ukraine,2020,90.38832098
Ukraine,2021,90.77214933
Ukraine,2022,95.80243058
United Arab Emirates,2005,99.7877782
United Arab Emirates,2006,99.80846325
United Arab Emirates,2007,99.53058752
United Arab Emirates,2008,99.34758061
United Arab Emirates,2009,97.93814433
United Arab Emirates,2010,98.93201562
United Arab Emirates,2011,99.53028603
United Arab Emirates,2012,99.64333333
United Arab Emirates,2013,99.69063052
United Arab Emirates,2014,99.22343022
United Arab Emirates,2015,99.43374858
United Arab Emirates,2016,99.27878311
United Arab Emirates,2017,98.57471264
United Arab Emirates,2018,99.24785727
United Arab Emirates,2019,95.66647321
United Arab Emirates,2020,98.25646794
United Arab Emirates,2021,97.7768277
United Arab Emirates,2022,97.84411277
United States,2005,97.37074401
United States,2006,96.84788383
United States,2007,97.04813806
United States,2008,95.68748029
United States,2009,90.26125877
United States,2010,93.74619487
United States,2011,95.59033455
United States,2012,95.79605949
United States,2013,95.49347008
United States,2014,95.75684545
United States,2015,95.74128781
United States,2016,95.44082954
United States,2017,96.22970945
United States,2018,96.65132648
United States,2019,96.75574079
United States,2020,97.52633259
United States,2021,97.89764079
United States,2022,96.15096226
Uruguay,2005,undefined
Uruguay,2006,undefined
Uruguay,2007,97.43589744
Uruguay,2008,undefined
Uruguay,2009,86.84210526
Uruguay,2010,undefined
Uruguay,2011,97.64705882
Uruguay,2012,91.78082192
Uruguay,2013,85.91549296
Uruguay,2014,88.63636364
Uruguay,2015,88.52459016
Uruguay,2016,undefined
Uruguay,2017,92.30769231
Uruguay,2018,94.44444444
Uruguay,2019,95.50561798
Uruguay,2020,96.07843137
Uruguay,2021,undefined
Uruguay,2022,undefined
Uzbekistan,2005,71.83605649
Uzbekistan,2006,70.20049437
Uzbekistan,2007,48.65298268
Uzbekistan,2008,49.95291015
Uzbekistan,2009,62.79789539
Uzbekistan,2010,69.86706056
Uzbekistan,2011,76.8989547
Uzbekistan,2012,83.19107026
Uzbekistan,2013,85.39007092
Uzbekistan,2014,79.1823717
Uzbekistan,2015,74.18150488
Uzbekistan,2016,74.20306966
Uzbekistan,2017,79.49660633
Uzbekistan,2018,73.79164711
Uzbekistan,2019,70.13288336
Uzbekistan,2020,78.83116883
Uzbekistan,2021,79.97360607
Uzbekistan,2022,76.03960396
Vatican City,2005,undefined
Vatican City,2006,undefined
Vatican City,2007,undefined
Vatican City,2008,undefined
Vatican City,2009,undefined
Vatican City,2010,undefined
Vatican City,2011,undefined
Vatican City,2012,undefined
Vatican City,2013,undefined
Vatican City,2014,undefined
Vatican City,2015,undefined
Venezuela,2005,91.19170984
Venezuela,2006,88.81640261
Venezuela,2007,84.55647735
Venezuela,2008,86.2
Venezuela,2009,86.75346146
Venezuela,2010,86.34953464
Venezuela,2011,85.21703522
Venezuela,2012,88.93280632
Venezuela,2013,81.18745831
Venezuela,2014,79.70680985
Venezuela,2015,88.60544218
Venezuela,2016,83.60387396
Venezuela,2017,87.45980707
Venezuela,2018,83.29415715
Venezuela,2019,87.55474453
Venezuela,2020,82.91855204
Venezuela,2021,79.00120337
Venezuela,2022,78.02469136
Vietnam,2005,89.30559625
Vietnam,2006,90.28242538
Vietnam,2007,90.02939447
Vietnam,2008,87.64625277
Vietnam,2009,86.8930428
Vietnam,2010,87.32716865
Vietnam,2011,90.26135422
Vietnam,2012,90.88776205
Vietnam,2013,89.24119984
Vietnam,2014,90.70917719
Vietnam,2015,86.05847169
Vietnam,2016,81.76804204
Vietnam,2017,86.32059101
Vietnam,2018,85.38479316
Vietnam,2019,86.46983857
Vietnam,2020,86.10011641
Vietnam,2021,90.65861978
Vietnam,2022,90.49748463
Yemen,2005,81.99364214
Yemen,2006,83.36181119
Yemen,2007,68.90402725
Yemen,2008,71.58308751
Yemen,2009,63.87163561
Yemen,2010,64.19817471
Yemen,2011,61.46931184
Yemen,2012,64.10958904
Yemen,2013,70.93348239
Yemen,2014,59.63900727
Yemen,2015,29.82068966
Yemen,2016,33.61986628
Yemen,2017,59.30776427
Yemen,2018,51.52374203
Yemen,2019,56.77926886
Yemen,2020,55.23148148
Yemen,2021,57.94907089
Yemen,2022,43.56435644
Zambia,2005,90.77775911
Zambia,2006,87.36421725
Zambia,2007,84.87020226
Zambia,2008,81.82625688
Zambia,2009,80.67918161
Zambia,2010,80.06807062
Zambia,2011,84.72917615
Zambia,2012,86.34743875
Zambia,2013,85.55460017
Zambia,2014,89.02616279
Zambia,2015,84.3999034
Zambia,2016,82.99060675
Zambia,2017,85.50212164
Zambia,2018,82.76154172
Zambia,2019,77.84041631
Zambia,2020,78.1300813
Zambia,2021,81.67870036
Zambia,2022,78.29839704
Zimbabwe,2005,69.13629884
Zimbabwe,2006,65.58441558
Zimbabwe,2007,65.24316029
Zimbabwe,2008,62.83954619
Zimbabwe,2009,55.38998836
Zimbabwe,2010,66.13036304
Zimbabwe,2011,73.95451211
Zimbabwe,2012,70.96216631
Zimbabwe,2013,66.66050638
Zimbabwe,2014,74.26682001
Zimbabwe,2015,65.92963998
Zimbabwe,2016,59.43471977
Zimbabwe,2017,65.340487
Zimbabwe,2018,67.14296748
Zimbabwe,2019,67.04969626
Zimbabwe,2020,80.34779357
Zimbabwe,2021,85.38344196
Zimbabwe,2022,84.45721866
Anguilla (British),2005,undefined
Anguilla (British),2006,undefined
Anguilla (British),2007,undefined
Anguilla (British),2009,undefined
Anguilla (British),2013,undefined
Anguilla (British),2019,undefined
Bermuda (British),2005,undefined
Bermuda (British),2006,undefined
Bermuda (British),2007,undefined
Bermuda (British),2010,undefined
Bermuda (British),2011,40
Bermuda (British),2015,undefined
Ireland,2005,40
Ireland,2006,56.25
Ireland,2007,35.71428571
Ireland,2008,undefined
Ireland,2009,undefined
Ireland,2010,undefined
Ireland,2011,undefined
Ireland,2012,undefined
Ireland,2013,undefined
Ireland,2014,undefined
Ireland,2015,undefined
Ireland,2017,undefined
Ireland,2018,undefined
Ireland,2020,undefined
Ireland,2021,60.86956522
Ireland,2022,undefined
Norway,2005,undefined
Norway,2006,undefined
Norway,2007,20
Norway,2008,65
Norway,2009,50
Norway,2010,undefined
Norway,2012,undefined
Norway,2013,undefined
Norway,2014,undefined
Norway,2015,undefined
Norway,2017,undefined
Norway,2018,undefined
Norway,2019,undefined
Norway,2020,undefined
Norway,2021,93.29664832
Norway,2022,76.75675676
Pitcairn Islands (British),2005,undefined
Pitcairn Islands (British),2006,undefined
Pitcairn Islands (British),2018,undefined
San Marino,2005,undefined
San Marino,2006,undefined
San Marino,2007,undefined
San Marino,2008,undefined
San Marino,2009,undefined
San Marino,2010,undefined
San Marino,2011,undefined
San Marino,2013,undefined
San Marino,2015,undefined
San Marino,2016,undefined
San Marino,2017,undefined
San Marino,2018,undefined
San Marino,2019,undefined
San Marino,2020,undefined
San Marino,2021,undefined
San Marino,2022,undefined
Slovenia,2005,undefined
Slovenia,2006,undefined
Slovenia,2007,undefined
Slovenia,2008,undefined
Slovenia,2009,undefined
Slovenia,2010,undefined
Slovenia,2011,undefined
Slovenia,2020,undefined
Slovenia,2021,undefined
Slovenia,2022,65.38461538
Vanuatu,2005,undefined
Vanuatu,2006,undefined
Vanuatu,2007,undefined
Vanuatu,2008,undefined
Vanuatu,2009,undefined
Vanuatu,2010,undefined
Vanuatu,2011,undefined
Vanuatu,2012,undefined
Vanuatu,2013,undefined
Vanuatu,2014,undefined
Vanuatu,2015,undefined
Vanuatu,2016,undefined
Vanuatu,2017,undefined
Vanuatu,2018,undefined
Vanuatu,2019,undefined
Vanuatu,2020,undefined
Vanuatu,2021,56.41025641
Vanuatu,2022,undefined
Andorra,2005,undefined
Andorra,2006,undefined
Andorra,2007,undefined
Andorra,2008,33.33333333
Andorra,2009,undefined
Andorra,2010,undefined
Andorra,2011,undefined
Andorra,2012,undefined
Andorra,2013,undefined
Andorra,2014,64.28571429
Andorra,2015,undefined
Andorra,2016,undefined
Andorra,2017,undefined
Andorra,2018,undefined
Andorra,2019,undefined
Andorra,2020,undefined
Andorra,2021,undefined
Andorra,2022,undefined
Austria,2005,undefined
Austria,2006,undefined
Austria,2007,undefined
Austria,2008,undefined
Austria,2010,undefined
Austria,2011,undefined
Austria,2014,undefined
Austria,2017,undefined
Austria,2018,undefined
Austria,2020,undefined
Austria,2021,95.71428571
Austria,2022,88.97637795
Cayman Islands (British),2005,undefined
Cayman Islands (British),2006,undefined
Cayman Islands (British),2007,undefined
Cayman Islands (British),2008,undefined
Cayman Islands (British),2011,undefined
Gibraltar (British),2005,undefined
Gibraltar (British),2008,undefined
Gibraltar (British),2018,undefined
Italy,2005,undefined
Italy,2006,undefined
Italy,2007,undefined
Italy,2008,undefined
Italy,2009,50
Italy,2010,undefined
Italy,2011,10
Italy,2012,undefined
Italy,2013,undefined
Italy,2014,undefined
Italy,2016,undefined
Italy,2017,40
Italy,2018,undefined
Italy,2019,55.55555556
Italy,2020,89.41176471
Italy,2021,93.64420313
Italy,2022,88.04616653
Tuvalu,2005,undefined
Tuvalu,2006,undefined
Tuvalu,2007,undefined
Tuvalu,2009,undefined
Tuvalu,2011,undefined
Tuvalu,2015,undefined
Tuvalu,2018,undefined
Tuvalu,2019,undefined
Tuvalu,2021,undefined
Monaco,2005,undefined
Monaco,2006,undefined
Monaco,2007,undefined
Monaco,2008,undefined
Monaco,2009,undefined
Monaco,2010,undefined
Monaco,2011,undefined
Monaco,2012,undefined
Monaco,2013,70
Monaco,2014,undefined
Monaco,2015,undefined
Monaco,2016,undefined
Monaco,2017,undefined
Monaco,2018,undefined
Monaco,2019,undefined
Monaco,2020,undefined
Monaco,2021,undefined
Monaco,2022,undefined
Portugal,2005,undefined
Portugal,2007,undefined
Portugal,2008,undefined
Portugal,2009,undefined
Portugal,2010,undefined
Portugal,2012,undefined
Portugal,2013,undefined
Portugal,2017,undefined
Portugal,2019,50
Portugal,2020,undefined
Portugal,2021,87.34468477
Portugal,2022,80.52434457
Belgium,2006,undefined
Belgium,2007,undefined
Belgium,2008,undefined
Belgium,2010,undefined
Belgium,2011,undefined
Belgium,2012,undefined
Belgium,2013,undefined
Belgium,2014,undefined
Belgium,2018,undefined
Belgium,2019,undefined
Belgium,2020,undefined
Belgium,2021,95.12195122
Belgium,2022,86.50793651
Nauru,2006,undefined
Nauru,2007,undefined
Nauru,2008,undefined
Nauru,2009,undefined
Nauru,2010,undefined
Greece,2006,undefined
Greece,2007,undefined
Greece,2008,undefined
Greece,2009,undefined
Greece,2010,undefined
Greece,2011,undefined
Greece,2012,undefined
Greece,2013,undefined
Greece,2016,undefined
Greece,2017,undefined
Greece,2019,undefined
Greece,2020,undefined
Greece,2021,92.7589852
Greece,2022,79.14438503
Niue,2006,undefined
Niue,2008,undefined
Niue,2009,undefined
Niue,2010,undefined
Niue,2015,undefined
St. Helena (British),2006,undefined
St. Helena (British),2008,undefined
Turks and Caicos Islands (British),2006,undefined
Turks and Caicos Islands (British),2007,undefined
Turks and Caicos Islands (British),2011,undefined
Turks and Caicos Islands (British),2015,undefined
Turks and Caicos Islands (British),2018,undefined
Montserrat (British),2006,undefined
Montserrat (British),2008,undefined
Montserrat (British),2009,undefined
Montserrat (British),2013,undefined
Montserrat (British),2018,undefined
Former Yugoslavia,2007,96.85200107
Former Yugoslavia,2008,96.32821927
Former Yugoslavia,2009,93.24778491
Former Yugoslavia,2010,87.3747495
Former Yugoslavia,2011,75.16129032
Former Yugoslavia,2012,68.18181818
Former Yugoslavia,2013,50
Former Yugoslavia,2014,50
Former Yugoslavia,2017,undefined
Micronesia,2007,undefined
Micronesia,2008,undefined
Micronesia,2010,undefined
Micronesia,2011,undefined
Micronesia,2014,undefined
Micronesia,2015,undefined
Micronesia,2016,undefined
Micronesia,2018,undefined
East Timor,2007,undefined
East Timor,2008,64.44444444
East Timor,2009,undefined
East Timor,2010,undefined
East Timor,2011,undefined
East Timor,2012,33.33333333
East Timor,2013,undefined
East Timor,2014,undefined
East Timor,2015,undefined
East Timor,2016,undefined
East Timor,2017,undefined
East Timor,2018,61.53846154
East Timor,2019,undefined
East Timor,2020,undefined
East Timor,2021,40.78947368
East Timor,2022,57.14285714
Kosovo,2007,83.01886792
Kosovo,2008,80.17621145
Kosovo,2009,76.94747973
Kosovo,2010,81.12879165
Kosovo,2011,79.99539064
Kosovo,2012,74.96589359
Kosovo,2013,77.52882315
Kosovo,2014,71.45142857
Kosovo,2015,70.99158284
Kosovo,2016,67.18589875
Kosovo,2017,67.08174332
Kosovo,2018,75.7493188
Kosovo,2019,78.35730376
Kosovo,2020,80.80421254
Kosovo,2021,77.68529528
Kosovo,2022,81.11455108
Montenegro,2007,77.77777778
Montenegro,2008,97.053407
Montenegro,2009,93.18936877
Montenegro,2010,94.65725806
Montenegro,2011,94.60887949
Montenegro,2012,94.71290506
Montenegro,2013,95.00720115
Montenegro,2014,90.03215434
Montenegro,2015,91.94630872
Montenegro,2016,90.53747161
Montenegro,2017,92.53081943
Montenegro,2018,95.28239203
Montenegro,2019,97.14445689
Montenegro,2020,undefined
Montenegro,2021,92.99065421
Montenegro,2022,83.33333333
Serbia,2007,96.30541872
Serbia,2008,95.15209125
Serbia,2009,95.61527581
Serbia,2010,92.93271265
Serbia,2011,93.46611937
Serbia,2012,93.96575342
Serbia,2013,94.56988503
Serbia,2014,91.5664386
Serbia,2015,91.20836859
Serbia,2016,93.61937818
Serbia,2017,95.53068694
Serbia,2018,95.85646312
Serbia,2019,98.03067485
Serbia,2020,97.44774477
Serbia,2021,92.42461999
Serbia,2022,92.57831325
Liechtenstein,2008,undefined
Liechtenstein,2010,undefined
Liechtenstein,2011,undefined
Liechtenstein,2016,undefined
Liechtenstein,2021,undefined
Luxembourg,2012,undefined
Luxembourg,2021,95.90163934
Luxembourg,2022,75
Virgin Islands (British),2012,undefined
Virgin Islands (British),2016,undefined
Virgin Islands (British),2019,undefined
Virgin Islands (British),2021,undefined
Sudan (South),2013,81.33333333
Sudan (South),2014,61.05263158
Sudan (South),2015,69.27374302
Sudan (South),2016,60.16483516
Sudan (South),2017,76.82926829
Sudan (South),2018,69.32515337
Sudan (South),2019,74.54545455
Sudan (South),2020,64.56692913
Sudan (South),2021,78.04878049
Sudan (South),2022,70
Cyprus (Northern part of),2014,undefined
Cyprus (Northern part of),2015,undefined
Cyprus (Northern part of),2016,undefined
Cyprus (Northern part of),2017,85.67335244
Cyprus (Northern part of),2018,undefined
Cyprus (Northern part of),2019,undefined
Cyprus (Northern part of),2020,59.40594059
Cyprus (Northern part of),2021,59.25925926
Cyprus (Northern part of),2022,undefined